studentId,name,learningStyle,lovedTopicIds,dislikedTopicIds,socialEngagementScore
S0001,Tuğtaş Bilgin,Visual,"[""HIS024""]","[""MAT016"", ""MAT017"", ""MAT018"", ""MAT019"", ""MAT020""]",0.3536766572335659
S0002,Şeref Henife Akgündüz,Visual,[],"[""PHY001"", ""PHY002"", ""PHY003"", ""PHY004"", ""PHY005"", ""GEO026"", ""GEO027"", ""GEO028"", ""GEO029"", ""GEO030"", ""LIT031"", ""LIT032"", ""LIT033"", ""LIT034"", ""LIT035""]",0.2485580660782393
S0003,Bilender Emirşan Türk,Visual,[],"[""PHY001"", ""PHY002"", ""PHY003"", ""PHY004"", ""PHY005"", ""HIS021"", ""HIS022"", ""HIS023"", ""HIS024"", ""HIS025""]",0.4159590873381714
S0004,Niğmet Safura Hançer,Kinaesthetic,"[""LIT035"", ""BIO008"", ""LIT034"", ""BIO007"", ""BIO006"", ""BIO010"", ""BIO009""]","[""MAT016"", ""MAT017"", ""MAT018"", ""MAT019"", ""MAT020""]",0.15996757580999188
S0005,Sakip Sarıcabay Manço,Mixed,"[""TRK038"", ""TRK036"", ""TRK037"", ""TRK040""]","[""PHY001"", ""PHY002"", ""PHY003"", ""PHY004"", ""PHY005"", ""BIO006"", ""BIO007"", ""BIO008"", ""BIO009"", ""BIO010"", ""CHM011"", ""CHM012"", ""CHM013"", ""CHM014"", ""CHM015"", ""GEO026"", ""GEO027"", ""GEO028"", ""GEO029"", ""GEO030""]",0.5502830780616322
S0006,Bayan Semat Ayhan Bilgin Ertaş,Mixed,"[""BIO008"", ""BIO009"", ""BIO007"", ""BIO006""]","[""GEO026"", ""GEO027"", ""GEO028"", ""GEO029"", ""GEO030"", ""LIT031"", ""LIT032"", ""LIT033"", ""LIT034"", ""LIT035"", ""TRK036"", ""TRK037"", ""TRK038"", ""TRK039"", ""TRK040""]",0.11094528759339801
S0007,Mesude Bilge,Reading/Writing,"[""TRK039""]","[""PHY001"", ""PHY002"", ""PHY003"", ""PHY004"", ""PHY005"", ""CHM011"", ""CHM012"", ""CHM013"", ""CHM014"", ""CHM015"", ""GEO026"", ""GEO027"", ""GEO028"", ""GEO029"", ""GEO030"", ""LIT031"", ""LIT032"", ""LIT033"", ""LIT034"", ""LIT035""]",0.5098966417920571
S0008,Esengün Ülker Yaman,Reading/Writing,"[""HIS021"", ""PHY004"", ""HIS024"", ""PHY005"", ""PHY003"", ""PHY002"", ""PHY001"", ""HIS025"", ""HIS023"", ""HIS022""]","[""BIO006"", ""BIO007"", ""BIO008"", ""BIO009"", ""BIO010"", ""MAT016"", ""MAT017"", ""MAT018"", ""MAT019"", ""MAT020"", ""GEO026"", ""GEO027"", ""GEO028"", ""GEO029"", ""GEO030"", ""LIT031"", ""LIT032"", ""LIT033"", ""LIT034"", ""LIT035"", ""TRK036"", ""TRK037"", ""TRK038"", ""TRK039"", ""TRK040""]",0.17727037947274454
S0009,Gülder Çorlu Akdeniz,Reading/Writing,[],"[""BIO006"", ""BIO007"", ""BIO008"", ""BIO009"", ""BIO010"", ""HIS021"", ""HIS022"", ""HIS023"", ""HIS024"", ""HIS025"", ""GEO026"", ""GEO027"", ""GEO028"", ""GEO029"", ""GEO030"", ""LIT031"", ""LIT032"", ""LIT033"", ""LIT034"", ""LIT035""]",0.19829047191334445
S0010,Tandoğdu Şensoy,Kinaesthetic,"[""LIT031"", ""LIT034"", ""BIO010"", ""LIT032"", ""BIO007"", ""BIO008"", ""BIO009"", ""LIT035"", ""LIT033""]","[""PHY001"", ""PHY002"", ""PHY003"", ""PHY004"", ""PHY005""]",0.37623678821354994
S0011,Akınal Şener,Visual,"[""LIT034"", ""BIO007"", ""LIT033"", ""LIT031"", ""TRK036""]","[""PHY001"", ""PHY002"", ""PHY003"", ""PHY004"", ""PHY005"", ""CHM011"", ""CHM012"", ""CHM013"", ""CHM014"", ""CHM015"", ""MAT016"", ""MAT017"", ""MAT018"", ""MAT019"", ""MAT020"", ""HIS021"", ""HIS022"", ""HIS023"", ""HIS024"", ""HIS025"", ""GEO026"", ""GEO027"", ""GEO028"", ""GEO029"", ""GEO030""]",0.5434668040445325
S0012,Canur Arslan Hayrioğlu,Kinaesthetic,"[""GEO030""]","[""LIT031"", ""LIT032"", ""LIT033"", ""LIT034"", ""LIT035""]",0.08476376294265023
S0013,Soykan Sezer,Mixed,"[""MAT020"", ""GEO027"", ""MAT017"", ""GEO028"", ""MAT016"", ""GEO026"", ""MAT018"", ""GEO029""]",[],0.3579287927839609
S0014,Nazimet Şensoy,Visual,[],"[""PHY001"", ""PHY002"", ""PHY003"", ""PHY004"", ""PHY005""]",0.2733207739503824
S0015,Lutfi Öztek Manço,Reading/Writing,"[""GEO027"", ""TRK039"", ""LIT033"", ""LIT035"", ""LIT032"", ""GEO030"", ""GEO026"", ""LIT031"", ""TRK040"", ""GEO029"", ""TRK038""]","[""PHY001"", ""PHY002"", ""PHY003"", ""PHY004"", ""PHY005"", ""BIO006"", ""BIO007"", ""BIO008"", ""BIO009"", ""BIO010"", ""CHM011"", ""CHM012"", ""CHM013"", ""CHM014"", ""CHM015"", ""MAT016"", ""MAT017"", ""MAT018"", ""MAT019"", ""MAT020"", ""HIS021"", ""HIS022"", ""HIS023"", ""HIS024"", ""HIS025""]",0.13437614109485027
S0016,Özyurt Nezize Gülen,Audio,"[""GEO027""]","[""LIT031"", ""LIT032"", ""LIT033"", ""LIT034"", ""LIT035"", ""TRK036"", ""TRK037"", ""TRK038"", ""TRK039"", ""TRK040""]",0.35325485000480755
S0017,Hayel Şeref Dumanlı Manço,Kinaesthetic,"[""BIO006"", ""BIO010"", ""BIO007"", ""BIO009"", ""BIO008""]","[""PHY001"", ""PHY002"", ""PHY003"", ""PHY004"", ""PHY005"", ""MAT016"", ""MAT017"", ""MAT018"", ""MAT019"", ""MAT020"", ""HIS021"", ""HIS022"", ""HIS023"", ""HIS024"", ""HIS025""]",0.13279012143275798
S0018,Hazine Müşüre Mansız,Mixed,"[""BIO007"", ""BIO006"", ""BIO010""]","[""PHY001"", ""PHY002"", ""PHY003"", ""PHY004"", ""PHY005"", ""MAT016"", ""MAT017"", ""MAT018"", ""MAT019"", ""MAT020"", ""GEO026"", ""GEO027"", ""GEO028"", ""GEO029"", ""GEO030"", ""LIT031"", ""LIT032"", ""LIT033"", ""LIT034"", ""LIT035""]",0.32643436842516804
S0019,Akise Kandef Yılmaz Akgündüz,Audio,"[""HIS022""]","[""BIO006"", ""BIO007"", ""BIO008"", ""BIO009"", ""BIO010""]",0.1658104012585459
S0020,Pürçek Aksu Yıldırım,Visual,"[""MAT016"", ""MAT018"", ""HIS022"", ""MAT020"", ""HIS025""]","[""PHY001"", ""PHY002"", ""PHY003"", ""PHY004"", ""PHY005"", ""BIO006"", ""BIO007"", ""BIO008"", ""BIO009"", ""BIO010""]",0.207734214505591
S0021,Hümeyra Sernur Şensoy,Visual,"[""CHM011"", ""TRK037"", ""TRK038"", ""TRK036"", ""LIT034"", ""CHM015"", ""LIT033"", ""TRK040"", ""TRK039"", ""CHM014""]","[""BIO006"", ""BIO007"", ""BIO008"", ""BIO009"", ""BIO010"", ""MAT016"", ""MAT017"", ""MAT018"", ""MAT019"", ""MAT020"", ""HIS021"", ""HIS022"", ""HIS023"", ""HIS024"", ""HIS025"", ""GEO026"", ""GEO027"", ""GEO028"", ""GEO029"", ""GEO030""]",0.26340848808284784
S0022,Toker Ülker,Reading/Writing,"[""BIO008"", ""BIO007"", ""GEO030"", ""BIO010"", ""MAT020"", ""GEO026"", ""MAT019"", ""MAT016"", ""BIO009"", ""GEO027""]","[""PHY001"", ""PHY002"", ""PHY003"", ""PHY004"", ""PHY005"", ""HIS021"", ""HIS022"", ""HIS023"", ""HIS024"", ""HIS025"", ""LIT031"", ""LIT032"", ""LIT033"", ""LIT034"", ""LIT035""]",0.39001433036648914
S0023,Oguş Kısakürek Durmuş,Mixed,"[""HIS024"", ""TRK037"", ""TRK038"", ""HIS022"", ""TRK040"", ""HIS023"", ""TRK036"", ""TRK039"", ""HIS025""]","[""BIO006"", ""BIO007"", ""BIO008"", ""BIO009"", ""BIO010"", ""CHM011"", ""CHM012"", ""CHM013"", ""CHM014"", ""CHM015"", ""MAT016"", ""MAT017"", ""MAT018"", ""MAT019"", ""MAT020"", ""LIT031"", ""LIT032"", ""LIT033"", ""LIT034"", ""LIT035""]",0.15364547000727538
S0024,Havali Arslan,Visual,"[""CHM012"", ""LIT035""]","[""PHY001"", ""PHY002"", ""PHY003"", ""PHY004"", ""PHY005"", ""BIO006"", ""BIO007"", ""BIO008"", ""BIO009"", ""BIO010"", ""MAT016"", ""MAT017"", ""MAT018"", ""MAT019"", ""MAT020"", ""GEO026"", ""GEO027"", ""GEO028"", ""GEO029"", ""GEO030"", ""TRK036"", ""TRK037"", ""TRK038"", ""TRK039"", ""TRK040""]",0.30550235119832075
S0025,Oguş Ömriye Arslan,Visual,"[""GEO029"", ""LIT035"", ""GEO026"", ""LIT031"", ""BIO007"", ""GEO027"", ""LIT033"", ""GEO030"", ""GEO028"", ""LIT034""]","[""PHY001"", ""PHY002"", ""PHY003"", ""PHY004"", ""PHY005"", ""HIS021"", ""HIS022"", ""HIS023"", ""HIS024"", ""HIS025""]",0.20331388126559594
S0026,Ercihan Arsoy,Visual,"[""HIS024"", ""CHM014"", ""CHM013"", ""HIS021"", ""HIS025"", ""CHM012"", ""CHM011"", ""CHM015"", ""HIS023"", ""HIS022""]",[],0.18387687608823067
S0027,Akçabay Dumanlı,Kinaesthetic,"[""LIT033"", ""LIT031"", ""LIT034"", ""LIT032"", ""LIT035""]","[""CHM011"", ""CHM012"", ""CHM013"", ""CHM014"", ""CHM015"", ""MAT016"", ""MAT017"", ""MAT018"", ""MAT019"", ""MAT020"", ""HIS021"", ""HIS022"", ""HIS023"", ""HIS024"", ""HIS025"", ""GEO026"", ""GEO027"", ""GEO028"", ""GEO029"", ""GEO030""]",0.36782408723548077
S0028,Bahittin Alemdar,Kinaesthetic,"[""PHY002"", ""PHY003"", ""PHY001"", ""BIO008"", ""BIO006"", ""PHY005"", ""BIO010""]","[""MAT016"", ""MAT017"", ""MAT018"", ""MAT019"", ""MAT020""]",0.20209676646387698
S0029,Gökçebalan Sümeyye Kısakürek,Reading/Writing,"[""CHM015"", ""TRK040"", ""BIO007"", ""BIO006"", ""BIO008"", ""TRK036"", ""TRK037"", ""TRK038"", ""TRK039"", ""BIO009"", ""CHM011"", ""BIO010"", ""CHM012""]","[""GEO026"", ""GEO027"", ""GEO028"", ""GEO029"", ""GEO030"", ""LIT031"", ""LIT032"", ""LIT033"", ""LIT034"", ""LIT035""]",0.18633950452881953
S0030,Haliye Ülker,Reading/Writing,"[""HIS022"", ""BIO007"", ""BIO010"", ""TRK036"", ""TRK037"", ""HIS025""]",[],0.2835202997539891
S0031,Beray Şamiha Zorlu Akçay,Reading/Writing,"[""PHY005"", ""PHY004"", ""PHY003"", ""BIO007""]","[""MAT016"", ""MAT017"", ""MAT018"", ""MAT019"", ""MAT020"", ""HIS021"", ""HIS022"", ""HIS023"", ""HIS024"", ""HIS025"", ""GEO026"", ""GEO027"", ""GEO028"", ""GEO029"", ""GEO030""]",0.10039930306621207
S0032,Birben Bilginur Yıldırım Gül,Kinaesthetic,"[""GEO027"", ""PHY003"", ""GEO029"", ""PHY004"", ""PHY005"", ""PHY002"", ""GEO028"", ""PHY001""]",[],0.20772938916523406
S0033,Tümer İhsanoğlu,Reading/Writing,[],"[""HIS021"", ""HIS022"", ""HIS023"", ""HIS024"", ""HIS025"", ""GEO026"", ""GEO027"", ""GEO028"", ""GEO029"", ""GEO030"", ""TRK036"", ""TRK037"", ""TRK038"", ""TRK039"", ""TRK040""]",0.30963770735951407
S0034,Zeride Sezer,Kinaesthetic,"[""LIT031""]","[""PHY001"", ""PHY002"", ""PHY003"", ""PHY004"", ""PHY005"", ""BIO006"", ""BIO007"", ""BIO008"", ""BIO009"", ""BIO010"", ""HIS021"", ""HIS022"", ""HIS023"", ""HIS024"", ""HIS025""]",0.04438580012260338
S0035,Sırriye Lezize Duran Arsoy,Audio,"[""MAT017"", ""MAT020"", ""GEO030"", ""MAT019""]",[],0.12457921344554526
S0036,Taçnur Sedife Demirel,Visual,"[""CHM013"", ""CHM012"", ""HIS024"", ""GEO026"", ""GEO029"", ""GEO028"", ""HIS025"", ""CHM014"", ""HIS022"", ""GEO030"", ""HIS021"", ""GEO027"", ""CHM011""]","[""TRK036"", ""TRK037"", ""TRK038"", ""TRK039"", ""TRK040""]",0.21100332015818626
S0037,Selaheddin Bilge,Visual,"[""HIS022"", ""HIS021"", ""HIS024"", ""HIS025"", ""HIS023""]","[""PHY001"", ""PHY002"", ""PHY003"", ""PHY004"", ""PHY005""]",0.3581887554246956
S0038,Aysoy Bilgin,Mixed,"[""LIT033"", ""TRK040""]","[""BIO006"", ""BIO007"", ""BIO008"", ""BIO009"", ""BIO010"", ""CHM011"", ""CHM012"", ""CHM013"", ""CHM014"", ""CHM015""]",0.6522422663601021
S0039,Okyalaz Eraslan,Kinaesthetic,"[""PHY001""]","[""BIO006"", ""BIO007"", ""BIO008"", ""BIO009"", ""BIO010"", ""HIS021"", ""HIS022"", ""HIS023"", ""HIS024"", ""HIS025"", ""LIT031"", ""LIT032"", ""LIT033"", ""LIT034"", ""LIT035"", ""TRK036"", ""TRK037"", ""TRK038"", ""TRK039"", ""TRK040""]",0.16226602605678067
S0040,Övün Ümmühan Soylu,Kinaesthetic,"[""GEO030"", ""GEO029"", ""GEO027"", ""BIO009"", ""BIO010"", ""GEO026"", ""BIO006"", ""BIO007"", ""GEO028"", ""BIO008""]",[],0.0694242954698856
S0041,Abdülhadi Çorlu,Mixed,"[""MAT020"", ""MAT019"", ""CHM011"", ""MAT017"", ""PHY002"", ""CHM014"", ""PHY003"", ""PHY001"", ""MAT016"", ""MAT018"", ""PHY004"", ""PHY005"", ""CHM015""]",[],0.07684808080982097
S0042,Edgübay Sakarya,Mixed,"[""GEO028"", ""GEO026"", ""GEO030"", ""GEO027""]","[""PHY001"", ""PHY002"", ""PHY003"", ""PHY004"", ""PHY005"", ""TRK036"", ""TRK037"", ""TRK038"", ""TRK039"", ""TRK040""]",0.1744335165862888
S0043,Urhan Karadeniz,Visual,"[""BIO007"", ""BIO008"", ""HIS021"", ""HIS024"", ""HIS023"", ""BIO009""]","[""PHY001"", ""PHY002"", ""PHY003"", ""PHY004"", ""PHY005"", ""CHM011"", ""CHM012"", ""CHM013"", ""CHM014"", ""CHM015"", ""MAT016"", ""MAT017"", ""MAT018"", ""MAT019"", ""MAT020"", ""GEO026"", ""GEO027"", ""GEO028"", ""GEO029"", ""GEO030"", ""LIT031"", ""LIT032"", ""LIT033"", ""LIT034"", ""LIT035""]",0.5434537469656785
S0044,Koray Tarhan,Audio,[],"[""MAT016"", ""MAT017"", ""MAT018"", ""MAT019"", ""MAT020"", ""LIT031"", ""LIT032"", ""LIT033"", ""LIT034"", ""LIT035""]",0.061653913446673224
S0045,Bilgen Hançer,Kinaesthetic,"[""BIO008"", ""BIO007"", ""BIO006""]","[""CHM011"", ""CHM012"", ""CHM013"", ""CHM014"", ""CHM015"", ""MAT016"", ""MAT017"", ""MAT018"", ""MAT019"", ""MAT020"", ""HIS021"", ""HIS022"", ""HIS023"", ""HIS024"", ""HIS025"", ""LIT031"", ""LIT032"", ""LIT033"", ""LIT034"", ""LIT035"", ""TRK036"", ""TRK037"", ""TRK038"", ""TRK039"", ""TRK040""]",0.23568650663126425
S0046,Yağızkurt Seven,Kinaesthetic,"[""LIT034"", ""LIT033"", ""BIO007"", ""MAT019"", ""LIT032""]","[""HIS021"", ""HIS022"", ""HIS023"", ""HIS024"", ""HIS025""]",0.31329412667520323
S0047,Özel Merdi Çetin,Mixed,[],"[""BIO006"", ""BIO007"", ""BIO008"", ""BIO009"", ""BIO010"", ""CHM011"", ""CHM012"", ""CHM013"", ""CHM014"", ""CHM015"", ""MAT016"", ""MAT017"", ""MAT018"", ""MAT019"", ""MAT020"", ""LIT031"", ""LIT032"", ""LIT033"", ""LIT034"", ""LIT035"", ""TRK036"", ""TRK037"", ""TRK038"", ""TRK039"", ""TRK040""]",0.15258331470398612
S0048,Halidun Özokçu Öcalan,Audio,"[""CHM013"", ""CHM012"", ""CHM014"", ""CHM015""]","[""BIO006"", ""BIO007"", ""BIO008"", ""BIO009"", ""BIO010"", ""HIS021"", ""HIS022"", ""HIS023"", ""HIS024"", ""HIS025"", ""GEO026"", ""GEO027"", ""GEO028"", ""GEO029"", ""GEO030"", ""LIT031"", ""LIT032"", ""LIT033"", ""LIT034"", ""LIT035"", ""TRK036"", ""TRK037"", ""TRK038"", ""TRK039"", ""TRK040""]",0.38688633601837824
S0049,Kibar Danış Hançer Kısakürek,Reading/Writing,"[""MAT018"", ""MAT019""]","[""GEO026"", ""GEO027"", ""GEO028"", ""GEO029"", ""GEO030"", ""TRK036"", ""TRK037"", ""TRK038"", ""TRK039"", ""TRK040""]",0.4845897602554896
S0050,Azize Sezen Ergül Aslan,Reading/Writing,"[""HIS025"", ""HIS021"", ""LIT033""]","[""PHY001"", ""PHY002"", ""PHY003"", ""PHY004"", ""PHY005"", ""CHM011"", ""CHM012"", ""CHM013"", ""CHM014"", ""CHM015"", ""MAT016"", ""MAT017"", ""MAT018"", ""MAT019"", ""MAT020"", ""TRK036"", ""TRK037"", ""TRK038"", ""TRK039"", ""TRK040""]",0.0959387779732849
S0051,Tutkucan Neriban Yıldırım,Kinaesthetic,[],"[""PHY001"", ""PHY002"", ""PHY003"", ""PHY004"", ""PHY005"", ""BIO006"", ""BIO007"", ""BIO008"", ""BIO009"", ""BIO010"", ""MAT016"", ""MAT017"", ""MAT018"", ""MAT019"", ""MAT020"", ""HIS021"", ""HIS022"", ""HIS023"", ""HIS024"", ""HIS025"", ""GEO026"", ""GEO027"", ""GEO028"", ""GEO029"", ""GEO030""]",0.3662241584833629
S0052,Yağın Zengin,Reading/Writing,"[""LIT034"", ""LIT033""]",[],0.29837284269070247
S0053,Sidar Mansız,Visual,"[""MAT016"", ""PHY004""]","[""LIT031"", ""LIT032"", ""LIT033"", ""LIT034"", ""LIT035"", ""TRK036"", ""TRK037"", ""TRK038"", ""TRK039"", ""TRK040""]",0.2237663665214278
S0054,Gülsalın Mümtaze İnönü Çetin,Visual,"[""LIT033"", ""BIO008"", ""LIT035"", ""BIO009"", ""BIO010""]","[""PHY001"", ""PHY002"", ""PHY003"", ""PHY004"", ""PHY005"", ""MAT016"", ""MAT017"", ""MAT018"", ""MAT019"", ""MAT020"", ""HIS021"", ""HIS022"", ""HIS023"", ""HIS024"", ""HIS025"", ""GEO026"", ""GEO027"", ""GEO028"", ""GEO029"", ""GEO030"", ""TRK036"", ""TRK037"", ""TRK038"", ""TRK039"", ""TRK040""]",0.16429164852136469
S0055,Belgizar Aksu Erdoğan,Visual,[],[],0.46138582746288664
S0056,Karakucak Aybora Sezer Soylu,Kinaesthetic,"[""CHM013""]","[""MAT016"", ""MAT017"", ""MAT018"", ""MAT019"", ""MAT020"", ""GEO026"", ""GEO027"", ""GEO028"", ""GEO029"", ""GEO030"", ""LIT031"", ""LIT032"", ""LIT033"", ""LIT034"", ""LIT035"", ""TRK036"", ""TRK037"", ""TRK038"", ""TRK039"", ""TRK040""]",0.09832146075036968
S0057,Örfiye Çamurcuoğlu,Audio,"[""BIO008"", ""PHY002"", ""BIO009"", ""BIO007"", ""PHY004"", ""PHY005"", ""PHY001"", ""PHY003"", ""BIO006"", ""BIO010""]","[""LIT031"", ""LIT032"", ""LIT033"", ""LIT034"", ""LIT035""]",0.179247512983417
S0058,Aysuna Tomurcuk Zengin,Kinaesthetic,"[""PHY003"", ""HIS021"", ""HIS024"", ""PHY002"", ""CHM014"", ""CHM011"", ""HIS022""]","[""GEO026"", ""GEO027"", ""GEO028"", ""GEO029"", ""GEO030""]",0.34301873259799726
S0059,Sultane Balca Demirel,Mixed,[],"[""HIS021"", ""HIS022"", ""HIS023"", ""HIS024"", ""HIS025"", ""GEO026"", ""GEO027"", ""GEO028"", ""GEO029"", ""GEO030"", ""LIT031"", ""LIT032"", ""LIT033"", ""LIT034"", ""LIT035""]",0.2746698380360602
S0060,Server Bilgin,Reading/Writing,"[""HIS022"", ""GEO026"", ""HIS024"", ""GEO029"", ""GEO027"", ""HIS021""]",[],0.4432945779277498
S0061,Gücal Aliihsan Mansız,Mixed,"[""CHM013"", ""CHM015"", ""PHY003""]","[""MAT016"", ""MAT017"", ""MAT018"", ""MAT019"", ""MAT020"", ""TRK036"", ""TRK037"", ""TRK038"", ""TRK039"", ""TRK040""]",0.13272443189522465
S0062,Çeviköz Hasbek Hançer,Audio,[],"[""PHY001"", ""PHY002"", ""PHY003"", ""PHY004"", ""PHY005"", ""BIO006"", ""BIO007"", ""BIO008"", ""BIO009"", ""BIO010"", ""MAT016"", ""MAT017"", ""MAT018"", ""MAT019"", ""MAT020"", ""HIS021"", ""HIS022"", ""HIS023"", ""HIS024"", ""HIS025"", ""GEO026"", ""GEO027"", ""GEO028"", ""GEO029"", ""GEO030""]",0.4006430877209991
S0063,Öktürk Bedi Korutürk,Audio,[],"[""CHM011"", ""CHM012"", ""CHM013"", ""CHM014"", ""CHM015"", ""GEO026"", ""GEO027"", ""GEO028"", ""GEO029"", ""GEO030""]",0.32259603850098684
S0064,Ergönül İdiris Tarhan,Reading/Writing,"[""GEO029"", ""GEO028"", ""PHY001"", ""GEO026"", ""HIS021"", ""PHY005""]","[""CHM011"", ""CHM012"", ""CHM013"", ""CHM014"", ""CHM015""]",0.2923618255131976
S0065,Taciddin Akalan Yorulmaz Ergül,Visual,"[""LIT031"", ""LIT034"", ""MAT020"", ""LIT032"", ""MAT016"", ""MAT019"", ""LIT035"", ""MAT017""]","[""PHY001"", ""PHY002"", ""PHY003"", ""PHY004"", ""PHY005"", ""BIO006"", ""BIO007"", ""BIO008"", ""BIO009"", ""BIO010"", ""HIS021"", ""HIS022"", ""HIS023"", ""HIS024"", ""HIS025"", ""GEO026"", ""GEO027"", ""GEO028"", ""GEO029"", ""GEO030"", ""TRK036"", ""TRK037"", ""TRK038"", ""TRK039"", ""TRK040""]",0.11357697325263678
S0066,Ermutlu İhsanoğlu,Mixed,"[""HIS023"", ""HIS025"", ""HIS022""]","[""BIO006"", ""BIO007"", ""BIO008"", ""BIO009"", ""BIO010"", ""GEO026"", ""GEO027"", ""GEO028"", ""GEO029"", ""GEO030""]",0.34155895722546276
S0067,Macide Eraslan Fırat,Mixed,"[""GEO029"", ""MAT016"", ""MAT020"", ""MAT017"", ""CHM015"", ""CHM011"", ""CHM012"", ""GEO027"", ""CHM013"", ""GEO026"", ""MAT019"", ""GEO028""]","[""HIS021"", ""HIS022"", ""HIS023"", ""HIS024"", ""HIS025"", ""TRK036"", ""TRK037"", ""TRK038"", ""TRK039"", ""TRK040""]",0.16999587395941756
S0068,Uzsoy Hançer,Audio,"[""BIO007"", ""BIO010"", ""PHY001"", ""TRK039"", ""PHY003"", ""BIO008""]","[""LIT031"", ""LIT032"", ""LIT033"", ""LIT034"", ""LIT035""]",0.8014732049023443
S0069,Mahnaz Bilir Akçay,Kinaesthetic,"[""LIT033"", ""TRK039"", ""TRK036"", ""LIT034"", ""TRK040"", ""TRK038"", ""LIT032"", ""LIT031"", ""LIT035"", ""TRK037""]",[],0.13177062408757453
S0070,Deryanur Şener,Reading/Writing,"[""BIO007"", ""BIO008"", ""LIT035"", ""CHM013""]","[""PHY001"", ""PHY002"", ""PHY003"", ""PHY004"", ""PHY005"", ""MAT016"", ""MAT017"", ""MAT018"", ""MAT019"", ""MAT020"", ""HIS021"", ""HIS022"", ""HIS023"", ""HIS024"", ""HIS025"", ""GEO026"", ""GEO027"", ""GEO028"", ""GEO029"", ""GEO030"", ""TRK036"", ""TRK037"", ""TRK038"", ""TRK039"", ""TRK040""]",0.12549965919150205
S0071,Günaydin Gül,Audio,"[""GEO029"", ""BIO010"", ""LIT034"", ""BIO008"", ""LIT031"", ""LIT032"", ""GEO026"", ""BIO009"", ""BIO006""]","[""HIS021"", ""HIS022"", ""HIS023"", ""HIS024"", ""HIS025"", ""TRK036"", ""TRK037"", ""TRK038"", ""TRK039"", ""TRK040""]",0.3370138954716538
S0072,Kader Hanbiken Şama,Audio,"[""MAT018"", ""MAT019"", ""MAT020"", ""MAT016"", ""MAT017""]","[""PHY001"", ""PHY002"", ""PHY003"", ""PHY004"", ""PHY005"", ""CHM011"", ""CHM012"", ""CHM013"", ""CHM014"", ""CHM015"", ""HIS021"", ""HIS022"", ""HIS023"", ""HIS024"", ""HIS025""]",0.03439862200520179
S0073,Sarya Gülgen Akça İhsanoğlu,Visual,"[""LIT031"", ""GEO027"", ""LIT033""]","[""BIO006"", ""BIO007"", ""BIO008"", ""BIO009"", ""BIO010"", ""CHM011"", ""CHM012"", ""CHM013"", ""CHM014"", ""CHM015"", ""MAT016"", ""MAT017"", ""MAT018"", ""MAT019"", ""MAT020"", ""HIS021"", ""HIS022"", ""HIS023"", ""HIS024"", ""HIS025"", ""TRK036"", ""TRK037"", ""TRK038"", ""TRK039"", ""TRK040""]",0.15937752033309405
S0074,Sadittin Tevetoğlu,Reading/Writing,"[""LIT034"", ""CHM011"", ""CHM012"", ""CHM015"", ""LIT033"", ""CHM013"", ""LIT031""]","[""BIO006"", ""BIO007"", ""BIO008"", ""BIO009"", ""BIO010"", ""MAT016"", ""MAT017"", ""MAT018"", ""MAT019"", ""MAT020"", ""HIS021"", ""HIS022"", ""HIS023"", ""HIS024"", ""HIS025"", ""GEO026"", ""GEO027"", ""GEO028"", ""GEO029"", ""GEO030""]",0.2615158445906097
S0075,Şehza Ülker Ülker,Audio,"[""CHM015"", ""CHM013"", ""MAT020"", ""MAT018"", ""MAT017"", ""CHM011"", ""CHM012"", ""MAT019"", ""MAT016""]","[""PHY001"", ""PHY002"", ""PHY003"", ""PHY004"", ""PHY005"", ""HIS021"", ""HIS022"", ""HIS023"", ""HIS024"", ""HIS025"", ""GEO026"", ""GEO027"", ""GEO028"", ""GEO029"", ""GEO030"", ""LIT031"", ""LIT032"", ""LIT033"", ""LIT034"", ""LIT035""]",0.2491194021961276
S0076,Rezin Nüdret Aslan,Audio,"[""PHY001"", ""PHY005""]",[],0.06858692463081448
S0077,Gözem Akar Akçay,Audio,"[""GEO028"", ""GEO026"", ""MAT017"", ""PHY005"", ""MAT018"", ""PHY002"", ""PHY001"", ""PHY003"", ""PHY004"", ""GEO030"", ""MAT016"", ""GEO027"", ""MAT019""]","[""BIO006"", ""BIO007"", ""BIO008"", ""BIO009"", ""BIO010"", ""HIS021"", ""HIS022"", ""HIS023"", ""HIS024"", ""HIS025"", ""LIT031"", ""LIT032"", ""LIT033"", ""LIT034"", ""LIT035"", ""TRK036"", ""TRK037"", ""TRK038"", ""TRK039"", ""TRK040""]",0.4595064072499053
S0078,Nezihi Kısakürek,Kinaesthetic,"[""GEO030"", ""GEO026"", ""GEO027""]","[""PHY001"", ""PHY002"", ""PHY003"", ""PHY004"", ""PHY005"", ""MAT016"", ""MAT017"", ""MAT018"", ""MAT019"", ""MAT020"", ""HIS021"", ""HIS022"", ""HIS023"", ""HIS024"", ""HIS025"", ""LIT031"", ""LIT032"", ""LIT033"", ""LIT034"", ""LIT035"", ""TRK036"", ""TRK037"", ""TRK038"", ""TRK039"", ""TRK040""]",0.5414781386117564
S0079,Armahan İnönü,Audio,"[""BIO006"", ""BIO010""]","[""PHY001"", ""PHY002"", ""PHY003"", ""PHY004"", ""PHY005""]",0.26059606181093153
S0080,Ozansü Aslan,Reading/Writing,"[""LIT033"", ""BIO008"", ""MAT018"", ""MAT019""]","[""GEO026"", ""GEO027"", ""GEO028"", ""GEO029"", ""GEO030"", ""TRK036"", ""TRK037"", ""TRK038"", ""TRK039"", ""TRK040""]",0.06753590748378506
S0081,Kocabaş İhsanoğlu,Reading/Writing,"[""MAT019"", ""MAT018"", ""PHY004"", ""HIS023"", ""MAT020"", ""MAT016"", ""PHY001""]",[],0.046768834972726804
S0082,Sağcan Yorulmaz,Visual,"[""TRK037"", ""HIS023""]","[""BIO006"", ""BIO007"", ""BIO008"", ""BIO009"", ""BIO010"", ""CHM011"", ""CHM012"", ""CHM013"", ""CHM014"", ""CHM015"", ""MAT016"", ""MAT017"", ""MAT018"", ""MAT019"", ""MAT020"", ""GEO026"", ""GEO027"", ""GEO028"", ""GEO029"", ""GEO030"", ""LIT031"", ""LIT032"", ""LIT033"", ""LIT034"", ""LIT035""]",0.12713147658095109
S0083,Halenur Yaman Demirel,Kinaesthetic,"[""CHM011"", ""LIT034"", ""CHM014"", ""CHM013"", ""CHM015"", ""LIT032"", ""LIT035""]",[],0.32659872582781224
S0084,Seyithan Sebattin Çamurcuoğlu,Reading/Writing,"[""TRK038"", ""LIT031"", ""LIT034"", ""TRK039"", ""HIS023"", ""HIS024""]","[""PHY001"", ""PHY002"", ""PHY003"", ""PHY004"", ""PHY005"", ""BIO006"", ""BIO007"", ""BIO008"", ""BIO009"", ""BIO010"", ""CHM011"", ""CHM012"", ""CHM013"", ""CHM014"", ""CHM015"", ""MAT016"", ""MAT017"", ""MAT018"", ""MAT019"", ""MAT020"", ""GEO026"", ""GEO027"", ""GEO028"", ""GEO029"", ""GEO030""]",0.11912486541113902
S0085,Büreyre Mansız,Mixed,"[""LIT033"", ""LIT034"", ""TRK040"", ""PHY003"", ""LIT035"", ""TRK039"", ""TRK037"", ""LIT031"", ""PHY005"", ""TRK036"", ""PHY002"", ""PHY004"", ""TRK038""]","[""CHM011"", ""CHM012"", ""CHM013"", ""CHM014"", ""CHM015""]",0.10776704550146234
S0086,İhsan Akça Hayrioğlu,Kinaesthetic,"[""GEO027"", ""TRK037"", ""GEO030"", ""TRK039"", ""TRK036"", ""GEO026""]","[""PHY001"", ""PHY002"", ""PHY003"", ""PHY004"", ""PHY005"", ""BIO006"", ""BIO007"", ""BIO008"", ""BIO009"", ""BIO010"", ""CHM011"", ""CHM012"", ""CHM013"", ""CHM014"", ""CHM015"", ""HIS021"", ""HIS022"", ""HIS023"", ""HIS024"", ""HIS025""]",0.3246010263074085
S0087,Önel Akça,Mixed,"[""GEO029"", ""TRK036"", ""TRK037""]","[""PHY001"", ""PHY002"", ""PHY003"", ""PHY004"", ""PHY005"", ""BIO006"", ""BIO007"", ""BIO008"", ""BIO009"", ""BIO010"", ""CHM011"", ""CHM012"", ""CHM013"", ""CHM014"", ""CHM015"", ""MAT016"", ""MAT017"", ""MAT018"", ""MAT019"", ""MAT020""]",0.21935449118475614
S0088,Zinnure Refet Duran,Mixed,"[""LIT032"", ""CHM012"", ""CHM014"", ""CHM011"", ""GEO028"", ""GEO026"", ""GEO027"", ""CHM013"", ""LIT033"", ""GEO030""]","[""HIS021"", ""HIS022"", ""HIS023"", ""HIS024"", ""HIS025""]",0.30479223202169475
S0089,Yeneral Korutürk,Audio,"[""LIT033"", ""LIT034"", ""LIT032"", ""LIT031"", ""GEO028"", ""TRK040"", ""TRK039"", ""TRK037"", ""GEO030"", ""TRK036"", ""LIT035""]","[""PHY001"", ""PHY002"", ""PHY003"", ""PHY004"", ""PHY005"", ""BIO006"", ""BIO007"", ""BIO008"", ""BIO009"", ""BIO010"", ""CHM011"", ""CHM012"", ""CHM013"", ""CHM014"", ""CHM015"", ""MAT016"", ""MAT017"", ""MAT018"", ""MAT019"", ""MAT020"", ""HIS021"", ""HIS022"", ""HIS023"", ""HIS024"", ""HIS025""]",0.403730071467841
S0090,Halidun Günkurt Güçlü Çamurcuoğlu,Mixed,"[""BIO009"", ""MAT017"", ""MAT019"", ""CHM013"", ""CHM011"", ""MAT018"", ""MAT016"", ""BIO010"", ""BIO008"", ""BIO006"", ""CHM015"", ""MAT020""]","[""PHY001"", ""PHY002"", ""PHY003"", ""PHY004"", ""PHY005"", ""GEO026"", ""GEO027"", ""GEO028"", ""GEO029"", ""GEO030"", ""LIT031"", ""LIT032"", ""LIT033"", ""LIT034"", ""LIT035"", ""TRK036"", ""TRK037"", ""TRK038"", ""TRK039"", ""TRK040""]",0.18412892169781056
S0091,Aşhan Gül Hançer,Reading/Writing,"[""CHM012"", ""TRK036"", ""TRK038"", ""TRK039"", ""CHM013""]",[],0.23447365948588197
S0092,Bay Batırhan Sezgin,Reading/Writing,"[""MAT020""]","[""PHY001"", ""PHY002"", ""PHY003"", ""PHY004"", ""PHY005"", ""BIO006"", ""BIO007"", ""BIO008"", ""BIO009"", ""BIO010"", ""CHM011"", ""CHM012"", ""CHM013"", ""CHM014"", ""CHM015"", ""GEO026"", ""GEO027"", ""GEO028"", ""GEO029"", ""GEO030""]",0.175068748991844
S0093,İbrahim Şener,Mixed,"[""MAT017"", ""MAT020"", ""MAT016"", ""MAT018"", ""MAT019""]",[],0.2673316734797696
S0094,Karaca Fırat,Kinaesthetic,"[""TRK040"", ""BIO008"", ""GEO027"", ""TRK036"", ""GEO028"", ""TRK037"", ""BIO009"", ""BIO010"", ""TRK039""]",[],0.238699744225137
S0095,Şehreban Arslan Öcalan,Kinaesthetic,[],[],0.3257956107307605
S0096,Sedife Dumanlı Zengin,Mixed,"[""PHY001"", ""PHY004""]","[""CHM011"", ""CHM012"", ""CHM013"", ""CHM014"", ""CHM015""]",0.4434878606676832
S0097,Dinçsü Aslan,Reading/Writing,"[""HIS023""]",[],0.3855671372233749
S0098,Gürcüye Aynilhayat Şama Ergül,Mixed,[],"[""CHM011"", ""CHM012"", ""CHM013"", ""CHM014"", ""CHM015"", ""TRK036"", ""TRK037"", ""TRK038"", ""TRK039"", ""TRK040""]",0.09615258168656671
S0099,Rasul Hançer,Mixed,"[""CHM013"", ""LIT032"", ""HIS023"", ""LIT031"", ""CHM015"", ""LIT035""]","[""PHY001"", ""PHY002"", ""PHY003"", ""PHY004"", ""PHY005"", ""BIO006"", ""BIO007"", ""BIO008"", ""BIO009"", ""BIO010"", ""TRK036"", ""TRK037"", ""TRK038"", ""TRK039"", ""TRK040""]",0.2089847738799713
S0100,Yertan Aksöğüt Gülen Bilgin,Visual,"[""TRK037"", ""HIS022""]","[""PHY001"", ""PHY002"", ""PHY003"", ""PHY004"", ""PHY005"", ""CHM011"", ""CHM012"", ""CHM013"", ""CHM014"", ""CHM015"", ""MAT016"", ""MAT017"", ""MAT018"", ""MAT019"", ""MAT020"", ""GEO026"", ""GEO027"", ""GEO028"", ""GEO029"", ""GEO030"", ""LIT031"", ""LIT032"", ""LIT033"", ""LIT034"", ""LIT035""]",0.16619623428044838
S0101,Kezban Bilir Seven,Audio,"[""TRK039"", ""TRK037"", ""TRK040""]","[""BIO006"", ""BIO007"", ""BIO008"", ""BIO009"", ""BIO010"", ""HIS021"", ""HIS022"", ""HIS023"", ""HIS024"", ""HIS025""]",0.22721487350505115
S0102,Çoğay Aslan,Kinaesthetic,"[""HIS021"", ""HIS022"", ""TRK038"", ""HIS023""]","[""PHY001"", ""PHY002"", ""PHY003"", ""PHY004"", ""PHY005"", ""BIO006"", ""BIO007"", ""BIO008"", ""BIO009"", ""BIO010"", ""CHM011"", ""CHM012"", ""CHM013"", ""CHM014"", ""CHM015"", ""MAT016"", ""MAT017"", ""MAT018"", ""MAT019"", ""MAT020"", ""LIT031"", ""LIT032"", ""LIT033"", ""LIT034"", ""LIT035""]",0.47592049646427265
S0103,Göknur Sezer,Audio,"[""HIS023"", ""PHY003"", ""GEO030""]","[""BIO006"", ""BIO007"", ""BIO008"", ""BIO009"", ""BIO010"", ""CHM011"", ""CHM012"", ""CHM013"", ""CHM014"", ""CHM015"", ""MAT016"", ""MAT017"", ""MAT018"", ""MAT019"", ""MAT020"", ""LIT031"", ""LIT032"", ""LIT033"", ""LIT034"", ""LIT035"", ""TRK036"", ""TRK037"", ""TRK038"", ""TRK039"", ""TRK040""]",0.11588479103164939
S0104,Şadıman Sevsevil Öcalan Şama,Mixed,"[""GEO027"", ""LIT034"", ""LIT033"", ""GEO030"", ""LIT031"", ""GEO028"", ""GEO026"", ""LIT032"", ""GEO029"", ""LIT035""]","[""BIO006"", ""BIO007"", ""BIO008"", ""BIO009"", ""BIO010"", ""CHM011"", ""CHM012"", ""CHM013"", ""CHM014"", ""CHM015"", ""HIS021"", ""HIS022"", ""HIS023"", ""HIS024"", ""HIS025"", ""TRK036"", ""TRK037"", ""TRK038"", ""TRK039"", ""TRK040""]",0.1718540724955221
S0105,Rojnu Kadınana Akçay,Mixed,"[""CHM014"", ""CHM011"", ""CHM013"", ""CHM015"", ""CHM012""]","[""PHY001"", ""PHY002"", ""PHY003"", ""PHY004"", ""PHY005""]",0.24093580883068486
S0106,Demirbüken Mansız,Visual,"[""BIO008"", ""MAT016"", ""MAT018"", ""PHY005"", ""PHY001"", ""BIO007"", ""MAT017"", ""MAT019"", ""BIO006""]","[""CHM011"", ""CHM012"", ""CHM013"", ""CHM014"", ""CHM015"", ""HIS021"", ""HIS022"", ""HIS023"", ""HIS024"", ""HIS025"", ""GEO026"", ""GEO027"", ""GEO028"", ""GEO029"", ""GEO030"", ""LIT031"", ""LIT032"", ""LIT033"", ""LIT034"", ""LIT035""]",0.19658545353951165
S0107,Zennun Akdeniz,Audio,[],[],0.15450740124203077
S0108,Koşukhan Uçan Zorlu,Reading/Writing,"[""HIS023"", ""BIO006""]",[],0.3024753876496196
S0109,Vefia Çorlu Akdeniz,Kinaesthetic,"[""BIO007"", ""LIT031"", ""LIT034"", ""CHM014"", ""BIO008"", ""CHM011"", ""LIT035""]","[""PHY001"", ""PHY002"", ""PHY003"", ""PHY004"", ""PHY005"", ""MAT016"", ""MAT017"", ""MAT018"", ""MAT019"", ""MAT020"", ""HIS021"", ""HIS022"", ""HIS023"", ""HIS024"", ""HIS025"", ""GEO026"", ""GEO027"", ""GEO028"", ""GEO029"", ""GEO030"", ""TRK036"", ""TRK037"", ""TRK038"", ""TRK039"", ""TRK040""]",0.2628503990216566
S0110,Kayıt Özger Akgündüz,Audio,"[""BIO006"", ""BIO010"", ""CHM013"", ""GEO026"", ""CHM014"", ""CHM012"", ""GEO027"", ""CHM015"", ""GEO028"", ""BIO007"", ""CHM011"", ""BIO009"", ""GEO029""]",[],0.17838548982713623
S0111,Saire Bilgin Aslan,Audio,"[""GEO027""]",[],0.07140336869412171
S0112,Gülağa Tarhan,Mixed,[],"[""TRK036"", ""TRK037"", ""TRK038"", ""TRK039"", ""TRK040""]",0.36804793518398227
S0113,Masume Mansız,Visual,[],"[""CHM011"", ""CHM012"", ""CHM013"", ""CHM014"", ""CHM015"", ""HIS021"", ""HIS022"", ""HIS023"", ""HIS024"", ""HIS025"", ""GEO026"", ""GEO027"", ""GEO028"", ""GEO029"", ""GEO030"", ""TRK036"", ""TRK037"", ""TRK038"", ""TRK039"", ""TRK040""]",0.16500239921085022
S0114,Yigit Müslum Şensoy,Audio,[],"[""BIO006"", ""BIO007"", ""BIO008"", ""BIO009"", ""BIO010"", ""CHM011"", ""CHM012"", ""CHM013"", ""CHM014"", ""CHM015"", ""GEO026"", ""GEO027"", ""GEO028"", ""GEO029"", ""GEO030""]",0.6463769483914986
S0115,Gökten Yunt Yılmaz Yüksel,Audio,[],"[""CHM011"", ""CHM012"", ""CHM013"", ""CHM014"", ""CHM015""]",0.5031230845032987
S0116,Fuzuli Bilge,Audio,"[""GEO027"", ""BIO010"", ""GEO029"", ""BIO006""]","[""PHY001"", ""PHY002"", ""PHY003"", ""PHY004"", ""PHY005"", ""LIT031"", ""LIT032"", ""LIT033"", ""LIT034"", ""LIT035""]",0.40864698504559716
S0117,Meleknur Akar Gül,Mixed,"[""LIT033"", ""LIT034"", ""LIT032"", ""LIT031"", ""LIT035""]","[""PHY001"", ""PHY002"", ""PHY003"", ""PHY004"", ""PHY005"", ""HIS021"", ""HIS022"", ""HIS023"", ""HIS024"", ""HIS025"", ""GEO026"", ""GEO027"", ""GEO028"", ""GEO029"", ""GEO030"", ""TRK036"", ""TRK037"", ""TRK038"", ""TRK039"", ""TRK040""]",0.3784719386186748
S0118,Güldam Misra Şener,Reading/Writing,"[""TRK038"", ""TRK037""]","[""GEO026"", ""GEO027"", ""GEO028"", ""GEO029"", ""GEO030""]",0.4808171104256129
S0119,Nuriyet Duran,Reading/Writing,[],"[""CHM011"", ""CHM012"", ""CHM013"", ""CHM014"", ""CHM015"", ""MAT016"", ""MAT017"", ""MAT018"", ""MAT019"", ""MAT020"", ""LIT031"", ""LIT032"", ""LIT033"", ""LIT034"", ""LIT035"", ""TRK036"", ""TRK037"", ""TRK038"", ""TRK039"", ""TRK040""]",0.4501527714550121
S0120,Gülzadiye Hurican Eraslan Yüksel,Audio,"[""CHM011"", ""BIO007"", ""CHM014"", ""MAT017"", ""BIO009"", ""BIO006"", ""BIO010"", ""CHM012"", ""MAT020"", ""MAT018"", ""CHM013"", ""CHM015"", ""MAT016"", ""BIO008""]","[""HIS021"", ""HIS022"", ""HIS023"", ""HIS024"", ""HIS025"", ""LIT031"", ""LIT032"", ""LIT033"", ""LIT034"", ""LIT035""]",0.31485465592718676
S0121,Adviye Dilfeza Çorlu Demir,Mixed,"[""TRK038"", ""TRK036"", ""TRK039""]","[""GEO026"", ""GEO027"", ""GEO028"", ""GEO029"", ""GEO030""]",0.3458306244455384
S0122,Dursadiye Fayize Türk,Audio,[],"[""BIO006"", ""BIO007"", ""BIO008"", ""BIO009"", ""BIO010"", ""CHM011"", ""CHM012"", ""CHM013"", ""CHM014"", ""CHM015"", ""MAT016"", ""MAT017"", ""MAT018"", ""MAT019"", ""MAT020"", ""GEO026"", ""GEO027"", ""GEO028"", ""GEO029"", ""GEO030"", ""LIT031"", ""LIT032"", ""LIT033"", ""LIT034"", ""LIT035""]",0.5386521682270735
S0123,Utkucan Beren İhsanoğlu,Reading/Writing,"[""GEO028"", ""GEO030"", ""GEO027"", ""GEO029"", ""GEO026""]","[""MAT016"", ""MAT017"", ""MAT018"", ""MAT019"", ""MAT020"", ""TRK036"", ""TRK037"", ""TRK038"", ""TRK039"", ""TRK040""]",0.30617217969438143
S0124,Dilsitan Gülgüzel Mansız Duran,Reading/Writing,[],"[""PHY001"", ""PHY002"", ""PHY003"", ""PHY004"", ""PHY005"", ""BIO006"", ""BIO007"", ""BIO008"", ""BIO009"", ""BIO010"", ""MAT016"", ""MAT017"", ""MAT018"", ""MAT019"", ""MAT020"", ""GEO026"", ""GEO027"", ""GEO028"", ""GEO029"", ""GEO030"", ""LIT031"", ""LIT032"", ""LIT033"", ""LIT034"", ""LIT035""]",0.14558813424442507
S0125,Feryas Asu Ertaş Kısakürek,Kinaesthetic,"[""PHY004"", ""BIO006"", ""HIS025""]","[""CHM011"", ""CHM012"", ""CHM013"", ""CHM014"", ""CHM015"", ""MAT016"", ""MAT017"", ""MAT018"", ""MAT019"", ""MAT020"", ""GEO026"", ""GEO027"", ""GEO028"", ""GEO029"", ""GEO030"", ""LIT031"", ""LIT032"", ""LIT033"", ""LIT034"", ""LIT035"", ""TRK036"", ""TRK037"", ""TRK038"", ""TRK039"", ""TRK040""]",0.4518857472364912
S0126,Nafii Yertan Şener,Reading/Writing,"[""TRK039"", ""TRK040"", ""TRK036"", ""TRK037""]","[""PHY001"", ""PHY002"", ""PHY003"", ""PHY004"", ""PHY005"", ""MAT016"", ""MAT017"", ""MAT018"", ""MAT019"", ""MAT020"", ""GEO026"", ""GEO027"", ""GEO028"", ""GEO029"", ""GEO030"", ""LIT031"", ""LIT032"", ""LIT033"", ""LIT034"", ""LIT035""]",0.35993742481792457
S0127,Sanur Armahan Çetin Alemdar,Audio,"[""TRK040""]","[""LIT031"", ""LIT032"", ""LIT033"", ""LIT034"", ""LIT035""]",0.06190643377169214
S0128,Egenur Tevetoğlu Sakarya,Visual,[],"[""BIO006"", ""BIO007"", ""BIO008"", ""BIO009"", ""BIO010"", ""MAT016"", ""MAT017"", ""MAT018"", ""MAT019"", ""MAT020"", ""HIS021"", ""HIS022"", ""HIS023"", ""HIS024"", ""HIS025"", ""GEO026"", ""GEO027"", ""GEO028"", ""GEO029"", ""GEO030"", ""TRK036"", ""TRK037"", ""TRK038"", ""TRK039"", ""TRK040""]",0.2328545928203029
S0129,Sevindik Akgündüz,Audio,[],"[""PHY001"", ""PHY002"", ""PHY003"", ""PHY004"", ""PHY005"", ""BIO006"", ""BIO007"", ""BIO008"", ""BIO009"", ""BIO010"", ""CHM011"", ""CHM012"", ""CHM013"", ""CHM014"", ""CHM015"", ""HIS021"", ""HIS022"", ""HIS023"", ""HIS024"", ""HIS025"", ""TRK036"", ""TRK037"", ""TRK038"", ""TRK039"", ""TRK040""]",0.19208246644942936
S0130,Nafii Ergül,Kinaesthetic,[],"[""HIS021"", ""HIS022"", ""HIS023"", ""HIS024"", ""HIS025"", ""GEO026"", ""GEO027"", ""GEO028"", ""GEO029"", ""GEO030"", ""LIT031"", ""LIT032"", ""LIT033"", ""LIT034"", ""LIT035"", ""TRK036"", ""TRK037"", ""TRK038"", ""TRK039"", ""TRK040""]",0.5199092769591175
S0131,Kayıt Altoğan Bilge,Visual,"[""TRK040"", ""PHY002""]","[""BIO006"", ""BIO007"", ""BIO008"", ""BIO009"", ""BIO010"", ""CHM011"", ""CHM012"", ""CHM013"", ""CHM014"", ""CHM015"", ""MAT016"", ""MAT017"", ""MAT018"", ""MAT019"", ""MAT020"", ""GEO026"", ""GEO027"", ""GEO028"", ""GEO029"", ""GEO030"", ""LIT031"", ""LIT032"", ""LIT033"", ""LIT034"", ""LIT035""]",0.22019437403991562
S0132,Sunay Kısakürek,Mixed,"[""MAT018"", ""MAT020"", ""MAT017"", ""MAT019"", ""MAT016""]","[""CHM011"", ""CHM012"", ""CHM013"", ""CHM014"", ""CHM015""]",0.13772023575141254
S0133,Büget Çamurcuoğlu,Kinaesthetic,"[""HIS022"", ""TRK040""]","[""PHY001"", ""PHY002"", ""PHY003"", ""PHY004"", ""PHY005"", ""CHM011"", ""CHM012"", ""CHM013"", ""CHM014"", ""CHM015"", ""MAT016"", ""MAT017"", ""MAT018"", ""MAT019"", ""MAT020"", ""GEO026"", ""GEO027"", ""GEO028"", ""GEO029"", ""GEO030"", ""LIT031"", ""LIT032"", ""LIT033"", ""LIT034"", ""LIT035""]",0.47197128618272305
S0134,Akise Çolpan Durdu Yıldırım,Reading/Writing,"[""TRK039"", ""PHY002"", ""GEO029"", ""PHY001"", ""PHY004"", ""TRK036"", ""GEO028"", ""PHY005"", ""TRK037"", ""GEO027""]","[""BIO006"", ""BIO007"", ""BIO008"", ""BIO009"", ""BIO010"", ""CHM011"", ""CHM012"", ""CHM013"", ""CHM014"", ""CHM015"", ""MAT016"", ""MAT017"", ""MAT018"", ""MAT019"", ""MAT020"", ""HIS021"", ""HIS022"", ""HIS023"", ""HIS024"", ""HIS025"", ""LIT031"", ""LIT032"", ""LIT033"", ""LIT034"", ""LIT035""]",0.1588460545173127
S0135,Ufukay Akar,Kinaesthetic,[],"[""LIT031"", ""LIT032"", ""LIT033"", ""LIT034"", ""LIT035""]",0.059689475270839516
S0136,Taciddin Atgun Eraslan,Visual,"[""CHM012"", ""CHM014"", ""CHM013"", ""CHM015"", ""CHM011""]","[""PHY001"", ""PHY002"", ""PHY003"", ""PHY004"", ""PHY005"", ""HIS021"", ""HIS022"", ""HIS023"", ""HIS024"", ""HIS025"", ""GEO026"", ""GEO027"", ""GEO028"", ""GEO029"", ""GEO030"", ""LIT031"", ""LIT032"", ""LIT033"", ""LIT034"", ""LIT035"", ""TRK036"", ""TRK037"", ""TRK038"", ""TRK039"", ""TRK040""]",0.34081565965226834
S0137,Dilcan Ezgin Aslan Yılmaz,Audio,[],"[""MAT016"", ""MAT017"", ""MAT018"", ""MAT019"", ""MAT020"", ""HIS021"", ""HIS022"", ""HIS023"", ""HIS024"", ""HIS025"", ""LIT031"", ""LIT032"", ""LIT033"", ""LIT034"", ""LIT035"", ""TRK036"", ""TRK037"", ""TRK038"", ""TRK039"", ""TRK040""]",0.3066486182634088
S0138,Rengül Büreyre Dumanlı Akçay,Audio,[],"[""MAT016"", ""MAT017"", ""MAT018"", ""MAT019"", ""MAT020"", ""GEO026"", ""GEO027"", ""GEO028"", ""GEO029"", ""GEO030""]",0.2789555071166885
S0139,Tiğin Ertaş,Kinaesthetic,[],"[""BIO006"", ""BIO007"", ""BIO008"", ""BIO009"", ""BIO010"", ""CHM011"", ""CHM012"", ""CHM013"", ""CHM014"", ""CHM015"", ""MAT016"", ""MAT017"", ""MAT018"", ""MAT019"", ""MAT020"", ""LIT031"", ""LIT032"", ""LIT033"", ""LIT034"", ""LIT035"", ""TRK036"", ""TRK037"", ""TRK038"", ""TRK039"", ""TRK040""]",0.3288097857207582
S0140,Bağdat Durmuş Zorlu,Kinaesthetic,"[""BIO009"", ""LIT032"", ""BIO007"", ""LIT033"", ""BIO010"", ""BIO008"", ""GEO027"", ""GEO030"", ""GEO026"", ""LIT035"", ""GEO028"", ""LIT031"", ""BIO006""]","[""PHY001"", ""PHY002"", ""PHY003"", ""PHY004"", ""PHY005"", ""CHM011"", ""CHM012"", ""CHM013"", ""CHM014"", ""CHM015"", ""HIS021"", ""HIS022"", ""HIS023"", ""HIS024"", ""HIS025"", ""TRK036"", ""TRK037"", ""TRK038"", ""TRK039"", ""TRK040""]",0.4064901896391387
S0141,Emirşan Ülker,Visual,[],"[""PHY001"", ""PHY002"", ""PHY003"", ""PHY004"", ""PHY005"", ""GEO026"", ""GEO027"", ""GEO028"", ""GEO029"", ""GEO030""]",0.32345967824352123
S0142,Sadat Cabir Durdu,Kinaesthetic,[],"[""BIO006"", ""BIO007"", ""BIO008"", ""BIO009"", ""BIO010""]",0.1813428850517404
S0143,Meleknur Gül Durdu Arsoy,Audio,"[""LIT034"", ""HIS022"", ""LIT035"", ""TRK038"", ""LIT031"", ""LIT032""]","[""BIO006"", ""BIO007"", ""BIO008"", ""BIO009"", ""BIO010"", ""CHM011"", ""CHM012"", ""CHM013"", ""CHM014"", ""CHM015"", ""MAT016"", ""MAT017"", ""MAT018"", ""MAT019"", ""MAT020"", ""GEO026"", ""GEO027"", ""GEO028"", ""GEO029"", ""GEO030""]",0.11034442080402913
S0144,Risalet Ertaş,Visual,"[""MAT019"", ""LIT034"", ""MAT018"", ""LIT031"", ""LIT035"", ""MAT017"", ""MAT020"", ""LIT032"", ""LIT033""]",[],0.06261134174457314
S0145,Seler Tevetoğlu,Kinaesthetic,"[""CHM013"", ""PHY002"", ""BIO006"", ""PHY005"", ""PHY004"", ""BIO008"", ""CHM011"", ""BIO010""]","[""MAT016"", ""MAT017"", ""MAT018"", ""MAT019"", ""MAT020"", ""LIT031"", ""LIT032"", ""LIT033"", ""LIT034"", ""LIT035"", ""TRK036"", ""TRK037"", ""TRK038"", ""TRK039"", ""TRK040""]",0.3893738659278771
S0146,Seçgül Zorlu,Visual,"[""HIS023"", ""HIS024"", ""HIS022"", ""HIS025""]",[],0.22081199239815472
S0147,Günver Durdu,Kinaesthetic,"[""LIT031"", ""CHM015"", ""TRK037"", ""TRK038"", ""TRK036"", ""LIT033"", ""CHM014""]","[""BIO006"", ""BIO007"", ""BIO008"", ""BIO009"", ""BIO010"", ""MAT016"", ""MAT017"", ""MAT018"", ""MAT019"", ""MAT020"", ""HIS021"", ""HIS022"", ""HIS023"", ""HIS024"", ""HIS025"", ""GEO026"", ""GEO027"", ""GEO028"", ""GEO029"", ""GEO030""]",0.17057746068742893
S0148,Okyalaz Çetin,Kinaesthetic,"[""HIS024"", ""MAT018"", ""LIT031"", ""LIT035"", ""MAT016"", ""HIS023"", ""MAT019"", ""HIS025"", ""HIS022"", ""LIT034""]","[""PHY001"", ""PHY002"", ""PHY003"", ""PHY004"", ""PHY005"", ""BIO006"", ""BIO007"", ""BIO008"", ""BIO009"", ""BIO010""]",0.06763603384706811
S0149,Hasgül Müsemma İnönü Eraslan,Visual,"[""BIO008"", ""TRK037"", ""GEO027"", ""TRK038"", ""BIO007"", ""GEO028"", ""GEO030"", ""TRK039"", ""BIO010"", ""GEO029"", ""BIO009""]","[""PHY001"", ""PHY002"", ""PHY003"", ""PHY004"", ""PHY005"", ""CHM011"", ""CHM012"", ""CHM013"", ""CHM014"", ""CHM015""]",0.20636937130196562
S0150,Peren Akgündüz,Mixed,[],"[""BIO006"", ""BIO007"", ""BIO008"", ""BIO009"", ""BIO010"", ""HIS021"", ""HIS022"", ""HIS023"", ""HIS024"", ""HIS025""]",0.35879012288277545
S0151,Yosma Erbay Sakarya,Audio,"[""CHM012"", ""CHM011"", ""GEO030"", ""CHM013"", ""GEO028"", ""CHM015"", ""GEO026""]","[""BIO006"", ""BIO007"", ""BIO008"", ""BIO009"", ""BIO010"", ""HIS021"", ""HIS022"", ""HIS023"", ""HIS024"", ""HIS025"", ""LIT031"", ""LIT032"", ""LIT033"", ""LIT034"", ""LIT035"", ""TRK036"", ""TRK037"", ""TRK038"", ""TRK039"", ""TRK040""]",0.316899984774653
S0152,Ülküdeş Akar,Reading/Writing,"[""MAT017"", ""MAT020"", ""LIT032"", ""MAT016"", ""LIT033"", ""LIT035"", ""MAT018"", ""LIT034""]","[""BIO006"", ""BIO007"", ""BIO008"", ""BIO009"", ""BIO010"", ""CHM011"", ""CHM012"", ""CHM013"", ""CHM014"", ""CHM015"", ""HIS021"", ""HIS022"", ""HIS023"", ""HIS024"", ""HIS025"", ""GEO026"", ""GEO027"", ""GEO028"", ""GEO029"", ""GEO030"", ""TRK036"", ""TRK037"", ""TRK038"", ""TRK039"", ""TRK040""]",0.1365637082251592
S0153,Muratcan Onurcan Zorlu,Kinaesthetic,"[""TRK037"", ""TRK040"", ""HIS023"", ""HIS021"", ""MAT017"", ""MAT020"", ""MAT016"", ""TRK036""]","[""BIO006"", ""BIO007"", ""BIO008"", ""BIO009"", ""BIO010"", ""LIT031"", ""LIT032"", ""LIT033"", ""LIT034"", ""LIT035""]",0.21708374305025172
S0154,Ufukay Zengin,Visual,"[""GEO029"", ""BIO008"", ""GEO030"", ""GEO028""]","[""MAT016"", ""MAT017"", ""MAT018"", ""MAT019"", ""MAT020""]",0.1363792431986001
S0155,Altınkaya Akar,Mixed,"[""TRK037""]","[""PHY001"", ""PHY002"", ""PHY003"", ""PHY004"", ""PHY005"", ""CHM011"", ""CHM012"", ""CHM013"", ""CHM014"", ""CHM015"", ""HIS021"", ""HIS022"", ""HIS023"", ""HIS024"", ""HIS025"", ""GEO026"", ""GEO027"", ""GEO028"", ""GEO029"", ""GEO030"", ""LIT031"", ""LIT032"", ""LIT033"", ""LIT034"", ""LIT035""]",0.06373493040686784
S0156,Ulakbey Sarıcabay Çorlu,Mixed,"[""TRK038"", ""TRK036""]","[""BIO006"", ""BIO007"", ""BIO008"", ""BIO009"", ""BIO010"", ""CHM011"", ""CHM012"", ""CHM013"", ""CHM014"", ""CHM015"", ""HIS021"", ""HIS022"", ""HIS023"", ""HIS024"", ""HIS025"", ""GEO026"", ""GEO027"", ""GEO028"", ""GEO029"", ""GEO030""]",0.5785716282335199
S0157,Ezgütekin Fırat,Mixed,[],"[""PHY001"", ""PHY002"", ""PHY003"", ""PHY004"", ""PHY005"", ""BIO006"", ""BIO007"", ""BIO008"", ""BIO009"", ""BIO010"", ""MAT016"", ""MAT017"", ""MAT018"", ""MAT019"", ""MAT020"", ""GEO026"", ""GEO027"", ""GEO028"", ""GEO029"", ""GEO030""]",0.16737543318713216
S0158,Ökkaş Türk,Reading/Writing,[],"[""CHM011"", ""CHM012"", ""CHM013"", ""CHM014"", ""CHM015"", ""GEO026"", ""GEO027"", ""GEO028"", ""GEO029"", ""GEO030""]",0.485750585203021
S0159,Günsel Arslan Şener,Kinaesthetic,"[""PHY003"", ""LIT034"", ""LIT031"", ""LIT032"", ""PHY005"", ""HIS025"", ""PHY002"", ""LIT035"", ""HIS023"", ""PHY001""]","[""CHM011"", ""CHM012"", ""CHM013"", ""CHM014"", ""CHM015"", ""MAT016"", ""MAT017"", ""MAT018"", ""MAT019"", ""MAT020""]",0.2231288814404552
S0160,Mevlüdiye Durmuş,Audio,"[""TRK037"", ""TRK040"", ""BIO008"", ""BIO010"", ""BIO009"", ""TRK036"", ""BIO007"", ""TRK039"", ""BIO006""]","[""PHY001"", ""PHY002"", ""PHY003"", ""PHY004"", ""PHY005"", ""GEO026"", ""GEO027"", ""GEO028"", ""GEO029"", ""GEO030""]",0.37344884728495387
S0161,Rana Henife Şensoy Demirel,Mixed,"[""TRK039"", ""TRK036"", ""TRK037""]","[""BIO006"", ""BIO007"", ""BIO008"", ""BIO009"", ""BIO010"", ""GEO026"", ""GEO027"", ""GEO028"", ""GEO029"", ""GEO030""]",0.38660756941930585
S0162,Çavuldur Akçay,Visual,"[""MAT017"", ""MAT019"", ""CHM013"", ""MAT018"", ""BIO008"", ""BIO007"", ""BIO006""]","[""PHY001"", ""PHY002"", ""PHY003"", ""PHY004"", ""PHY005"", ""GEO026"", ""GEO027"", ""GEO028"", ""GEO029"", ""GEO030"", ""LIT031"", ""LIT032"", ""LIT033"", ""LIT034"", ""LIT035"", ""TRK036"", ""TRK037"", ""TRK038"", ""TRK039"", ""TRK040""]",0.29103929254547434
S0163,Zubeyde Mansız Erdoğan,Audio,"[""PHY003"", ""CHM013"", ""CHM014"", ""PHY005"", ""CHM012""]","[""MAT016"", ""MAT017"", ""MAT018"", ""MAT019"", ""MAT020""]",0.3584957567261279
S0164,Bilay Yorulmaz,Visual,[],"[""CHM011"", ""CHM012"", ""CHM013"", ""CHM014"", ""CHM015"", ""LIT031"", ""LIT032"", ""LIT033"", ""LIT034"", ""LIT035""]",0.3688485254460999
S0165,Vezat Çetin,Visual,"[""TRK039"", ""TRK040"", ""PHY002"", ""MAT018"", ""TRK038"", ""PHY004""]","[""BIO006"", ""BIO007"", ""BIO008"", ""BIO009"", ""BIO010"", ""CHM011"", ""CHM012"", ""CHM013"", ""CHM014"", ""CHM015"", ""HIS021"", ""HIS022"", ""HIS023"", ""HIS024"", ""HIS025"", ""GEO026"", ""GEO027"", ""GEO028"", ""GEO029"", ""GEO030"", ""LIT031"", ""LIT032"", ""LIT033"", ""LIT034"", ""LIT035""]",0.43385584819172346
S0166,Sayin Sezer,Audio,"[""LIT031"", ""LIT034"", ""BIO010"", ""LIT033"", ""LIT032"", ""BIO007"", ""BIO008"", ""BIO009"", ""LIT035"", ""BIO006""]","[""PHY001"", ""PHY002"", ""PHY003"", ""PHY004"", ""PHY005"", ""MAT016"", ""MAT017"", ""MAT018"", ""MAT019"", ""MAT020"", ""HIS021"", ""HIS022"", ""HIS023"", ""HIS024"", ""HIS025"", ""GEO026"", ""GEO027"", ""GEO028"", ""GEO029"", ""GEO030""]",0.05932432661715326
S0167,Nefaret Gabel Ülker Ergül,Mixed,"[""BIO009"", ""BIO008"", ""TRK036""]","[""PHY001"", ""PHY002"", ""PHY003"", ""PHY004"", ""PHY005"", ""CHM011"", ""CHM012"", ""CHM013"", ""CHM014"", ""CHM015"", ""HIS021"", ""HIS022"", ""HIS023"", ""HIS024"", ""HIS025""]",0.15373830274583952
S0168,Koçkan Manço,Audio,"[""TRK038"", ""TRK040"", ""BIO007"", ""HIS022"", ""HIS024"", ""BIO010"", ""HIS021"", ""HIS023"", ""BIO009"", ""BIO008"", ""HIS025""]","[""PHY001"", ""PHY002"", ""PHY003"", ""PHY004"", ""PHY005"", ""CHM011"", ""CHM012"", ""CHM013"", ""CHM014"", ""CHM015"", ""MAT016"", ""MAT017"", ""MAT018"", ""MAT019"", ""MAT020"", ""GEO026"", ""GEO027"", ""GEO028"", ""GEO029"", ""GEO030"", ""LIT031"", ""LIT032"", ""LIT033"", ""LIT034"", ""LIT035""]",0.6909271687966831
S0169,Peren Dursadiye Şama,Visual,[],"[""PHY001"", ""PHY002"", ""PHY003"", ""PHY004"", ""PHY005"", ""MAT016"", ""MAT017"", ""MAT018"", ""MAT019"", ""MAT020"", ""HIS021"", ""HIS022"", ""HIS023"", ""HIS024"", ""HIS025"", ""GEO026"", ""GEO027"", ""GEO028"", ""GEO029"", ""GEO030"", ""LIT031"", ""LIT032"", ""LIT033"", ""LIT034"", ""LIT035""]",0.04927096831835294
S0170,Yurtgüven Akça,Mixed,"[""MAT019"", ""MAT020"", ""BIO008"", ""TRK039"", ""MAT018"", ""MAT016""]","[""PHY001"", ""PHY002"", ""PHY003"", ""PHY004"", ""PHY005"", ""CHM011"", ""CHM012"", ""CHM013"", ""CHM014"", ""CHM015"", ""GEO026"", ""GEO027"", ""GEO028"", ""GEO029"", ""GEO030""]",0.18591584017139418
S0171,Meleknur Yıldırım İnönü,Visual,[],[],0.2715695031402613
S0172,Dayar Korutürk,Reading/Writing,[],[],0.3219105263709601
S0173,Akver Yılmaz,Audio,"[""TRK036"", ""PHY005"", ""PHY003"", ""TRK039"", ""PHY002"", ""MAT016"", ""TRK037"", ""TRK040"", ""TRK038"", ""MAT020"", ""MAT018"", ""PHY001"", ""MAT019"", ""MAT017"", ""PHY004""]","[""BIO006"", ""BIO007"", ""BIO008"", ""BIO009"", ""BIO010""]",0.48209428949031524
S0174,Gözem Sefer Akça,Reading/Writing,[],"[""BIO006"", ""BIO007"", ""BIO008"", ""BIO009"", ""BIO010"", ""MAT016"", ""MAT017"", ""MAT018"", ""MAT019"", ""MAT020"", ""HIS021"", ""HIS022"", ""HIS023"", ""HIS024"", ""HIS025"", ""GEO026"", ""GEO027"", ""GEO028"", ""GEO029"", ""GEO030"", ""TRK036"", ""TRK037"", ""TRK038"", ""TRK039"", ""TRK040""]",0.319706275524256
S0175,Atasagun Öcalan,Audio,"[""TRK038""]",[],0.4916099383257625
S0176,Yahşikan Özinal Bilgin Yıldırım,Visual,"[""MAT017"", ""MAT018""]","[""LIT031"", ""LIT032"", ""LIT033"", ""LIT034"", ""LIT035""]",0.18417297086710416
S0177,Hüda Nasiba Tarhan Yüksel,Visual,[],"[""PHY001"", ""PHY002"", ""PHY003"", ""PHY004"", ""PHY005"", ""LIT031"", ""LIT032"", ""LIT033"", ""LIT034"", ""LIT035""]",0.029392249773945323
S0178,Savni Erdoğan,Audio,"[""GEO030"", ""CHM011"", ""LIT035"", ""LIT031"", ""CHM013"", ""GEO028"", ""GEO026"", ""CHM014"", ""GEO029""]","[""HIS021"", ""HIS022"", ""HIS023"", ""HIS024"", ""HIS025""]",0.43832440071116074
S0179,Ulakbey Zengin,Audio,"[""BIO007"", ""BIO008"", ""TRK038"", ""TRK040"", ""LIT035"", ""LIT032"", ""LIT031"", ""TRK036"", ""TRK039"", ""TRK037"", ""LIT034"", ""LIT033"", ""BIO009"", ""BIO006"", ""BIO010""]",[],0.2201991781916555
S0180,Aliihsan Karadeniz,Mixed,"[""PHY001"", ""PHY004"", ""LIT033"", ""LIT034"", ""LIT035""]","[""BIO006"", ""BIO007"", ""BIO008"", ""BIO009"", ""BIO010"", ""CHM011"", ""CHM012"", ""CHM013"", ""CHM014"", ""CHM015"", ""MAT016"", ""MAT017"", ""MAT018"", ""MAT019"", ""MAT020"", ""GEO026"", ""GEO027"", ""GEO028"", ""GEO029"", ""GEO030"", ""TRK036"", ""TRK037"", ""TRK038"", ""TRK039"", ""TRK040""]",0.1272898020531447
S0181,Tali Zengin,Audio,"[""HIS024"", ""HIS025"", ""BIO010"", ""BIO007"", ""BIO006"", ""BIO009"", ""PHY003""]","[""CHM011"", ""CHM012"", ""CHM013"", ""CHM014"", ""CHM015"", ""LIT031"", ""LIT032"", ""LIT033"", ""LIT034"", ""LIT035""]",0.5623099425360223
S0182,Masume Sezer,Reading/Writing,[],[],0.13516925682648886
S0183,Zaliha Görsev Durmuş,Mixed,[],[],0.18926525270317185
S0184,Üçgül Beste Bilgin,Kinaesthetic,"[""PHY005"", ""PHY003"", ""PHY004"", ""PHY002""]",[],0.27885221243093267
S0185,Zülfüye Sidar Ergül,Reading/Writing,"[""BIO007"", ""HIS024"", ""BIO009"", ""BIO008"", ""GEO029""]","[""PHY001"", ""PHY002"", ""PHY003"", ""PHY004"", ""PHY005"", ""MAT016"", ""MAT017"", ""MAT018"", ""MAT019"", ""MAT020"", ""LIT031"", ""LIT032"", ""LIT033"", ""LIT034"", ""LIT035"", ""TRK036"", ""TRK037"", ""TRK038"", ""TRK039"", ""TRK040""]",0.2584988688589334
S0186,Akboğa Yüksel,Kinaesthetic,"[""GEO030"", ""CHM012""]","[""PHY001"", ""PHY002"", ""PHY003"", ""PHY004"", ""PHY005"", ""HIS021"", ""HIS022"", ""HIS023"", ""HIS024"", ""HIS025"", ""LIT031"", ""LIT032"", ""LIT033"", ""LIT034"", ""LIT035""]",0.17136241835362837
S0187,Eba Çakırca Kısakürek Arslan,Visual,"[""CHM013"", ""CHM011"", ""CHM014""]","[""BIO006"", ""BIO007"", ""BIO008"", ""BIO009"", ""BIO010"", ""MAT016"", ""MAT017"", ""MAT018"", ""MAT019"", ""MAT020"", ""HIS021"", ""HIS022"", ""HIS023"", ""HIS024"", ""HIS025"", ""LIT031"", ""LIT032"", ""LIT033"", ""LIT034"", ""LIT035"", ""TRK036"", ""TRK037"", ""TRK038"", ""TRK039"", ""TRK040""]",0.3902904125361203
S0188,Dirlik Erdoğan,Mixed,"[""CHM012"", ""CHM011"", ""TRK036"", ""TRK037"", ""CHM014""]","[""GEO026"", ""GEO027"", ""GEO028"", ""GEO029"", ""GEO030""]",0.1388409287646582
S0189,Irıs Sadeti Şensoy Dumanlı,Kinaesthetic,[],"[""BIO006"", ""BIO007"", ""BIO008"", ""BIO009"", ""BIO010"", ""TRK036"", ""TRK037"", ""TRK038"", ""TRK039"", ""TRK040""]",0.4659217194194351
S0190,Mujde Korutürk,Reading/Writing,"[""MAT020"", ""PHY002""]","[""BIO006"", ""BIO007"", ""BIO008"", ""BIO009"", ""BIO010"", ""CHM011"", ""CHM012"", ""CHM013"", ""CHM014"", ""CHM015"", ""GEO026"", ""GEO027"", ""GEO028"", ""GEO029"", ""GEO030"", ""TRK036"", ""TRK037"", ""TRK038"", ""TRK039"", ""TRK040""]",0.6157519764816631
S0191,Urhan Kısakürek,Audio,[],[],0.3073799210471541
S0192,Möhsim Yılmaz,Visual,"[""PHY001"", ""PHY004""]","[""BIO006"", ""BIO007"", ""BIO008"", ""BIO009"", ""BIO010"", ""CHM011"", ""CHM012"", ""CHM013"", ""CHM014"", ""CHM015"", ""TRK036"", ""TRK037"", ""TRK038"", ""TRK039"", ""TRK040""]",0.3116610941567272
S0193,Refik Bilir,Audio,"[""TRK039"", ""MAT016""]","[""PHY001"", ""PHY002"", ""PHY003"", ""PHY004"", ""PHY005"", ""BIO006"", ""BIO007"", ""BIO008"", ""BIO009"", ""BIO010"", ""HIS021"", ""HIS022"", ""HIS023"", ""HIS024"", ""HIS025"", ""GEO026"", ""GEO027"", ""GEO028"", ""GEO029"", ""GEO030"", ""LIT031"", ""LIT032"", ""LIT033"", ""LIT034"", ""LIT035""]",0.13470126431771032
S0194,İntihap Kibar Kısakürek,Audio,"[""PHY003"", ""PHY001"", ""PHY005""]","[""CHM011"", ""CHM012"", ""CHM013"", ""CHM014"", ""CHM015"", ""HIS021"", ""HIS022"", ""HIS023"", ""HIS024"", ""HIS025"", ""TRK036"", ""TRK037"", ""TRK038"", ""TRK039"", ""TRK040""]",0.7239031844967967
S0195,Kotuz Korutürk,Reading/Writing,[],"[""PHY001"", ""PHY002"", ""PHY003"", ""PHY004"", ""PHY005"", ""TRK036"", ""TRK037"", ""TRK038"", ""TRK039"", ""TRK040""]",0.11910027770778647
S0196,Ayvas Mazlum Dumanlı,Mixed,"[""TRK039"", ""MAT019"", ""MAT018"", ""MAT016""]","[""CHM011"", ""CHM012"", ""CHM013"", ""CHM014"", ""CHM015"", ""LIT031"", ""LIT032"", ""LIT033"", ""LIT034"", ""LIT035""]",0.28538578892011157
S0197,Şahmettin Karadeniz,Reading/Writing,[],"[""LIT031"", ""LIT032"", ""LIT033"", ""LIT034"", ""LIT035""]",0.5143096900418668
S0198,İmge Öcalan,Visual,"[""LIT033"", ""PHY001"", ""PHY003"", ""LIT031"", ""LIT035"", ""LIT034"", ""PHY005""]","[""CHM011"", ""CHM012"", ""CHM013"", ""CHM014"", ""CHM015"", ""MAT016"", ""MAT017"", ""MAT018"", ""MAT019"", ""MAT020"", ""HIS021"", ""HIS022"", ""HIS023"", ""HIS024"", ""HIS025"", ""GEO026"", ""GEO027"", ""GEO028"", ""GEO029"", ""GEO030"", ""TRK036"", ""TRK037"", ""TRK038"", ""TRK039"", ""TRK040""]",0.15648979507517
S0199,Saydam Aru Ertaş,Audio,"[""MAT017"", ""GEO029"", ""MAT018"", ""TRK036"", ""GEO027"", ""TRK040"", ""MAT016"", ""TRK037"", ""GEO026"", ""GEO030""]",[],0.26055752603134724
S0200,Özpetek Semat Demirel,Audio,"[""LIT033"", ""HIS025"", ""HIS024"", ""HIS021"", ""HIS022"", ""LIT031""]","[""CHM011"", ""CHM012"", ""CHM013"", ""CHM014"", ""CHM015"", ""TRK036"", ""TRK037"", ""TRK038"", ""TRK039"", ""TRK040""]",0.13981359053542353
S0201,Tagangül Hayrioğlu Karadeniz,Mixed,[],"[""BIO006"", ""BIO007"", ""BIO008"", ""BIO009"", ""BIO010""]",0.388093991336372
S0202,Umutcan Boğatimur Akgündüz,Audio,"[""MAT016"", ""TRK038"", ""CHM014"", ""MAT018"", ""CHM015"", ""TRK037"", ""TRK036"", ""CHM012"", ""CHM011""]",[],0.4641645770320866
S0203,Çilga Masume Yıldırım Yıldırım,Audio,"[""BIO006"", ""BIO007"", ""PHY001"", ""BIO010""]","[""HIS021"", ""HIS022"", ""HIS023"", ""HIS024"", ""HIS025"", ""TRK036"", ""TRK037"", ""TRK038"", ""TRK039"", ""TRK040""]",0.12845804774166794
S0204,Bilginur Akça Akdeniz,Kinaesthetic,"[""CHM013"", ""PHY002""]","[""BIO006"", ""BIO007"", ""BIO008"", ""BIO009"", ""BIO010"", ""MAT016"", ""MAT017"", ""MAT018"", ""MAT019"", ""MAT020"", ""LIT031"", ""LIT032"", ""LIT033"", ""LIT034"", ""LIT035""]",0.0552063959733059
S0205,Remazan Duran,Audio,[],[],0.017279127080126834
S0206,Selaheddin Korutürk,Visual,"[""CHM013"", ""CHM011"", ""CHM015"", ""CHM012""]","[""GEO026"", ""GEO027"", ""GEO028"", ""GEO029"", ""GEO030""]",0.1592498686850637
S0207,Hudavent Muratcan Şensoy Fırat,Visual,[],[],0.2667449952728772
S0208,Yurdaser Alemdar İhsanoğlu,Audio,"[""CHM013""]",[],0.5296920335983468
S0209,Süheyda Şahnuray Durmuş,Visual,"[""LIT032"", ""LIT033"", ""LIT031"", ""LIT034""]","[""PHY001"", ""PHY002"", ""PHY003"", ""PHY004"", ""PHY005"", ""MAT016"", ""MAT017"", ""MAT018"", ""MAT019"", ""MAT020"", ""HIS021"", ""HIS022"", ""HIS023"", ""HIS024"", ""HIS025"", ""GEO026"", ""GEO027"", ""GEO028"", ""GEO029"", ""GEO030"", ""TRK036"", ""TRK037"", ""TRK038"", ""TRK039"", ""TRK040""]",0.3071017670062408
S0210,Refet Adviye İnönü,Kinaesthetic,"[""TRK040"", ""BIO009"", ""BIO010"", ""TRK039"", ""TRK037"", ""TRK038"", ""TRK036"", ""BIO006"", ""BIO008"", ""BIO007""]",[],0.2504805636294227
S0211,Rana Şener,Reading/Writing,"[""LIT032"", ""LIT031"", ""LIT035"", ""LIT033"", ""LIT034""]","[""MAT016"", ""MAT017"", ""MAT018"", ""MAT019"", ""MAT020""]",0.40355832138751585
S0212,Kalgay Hüryaşar Demirel,Mixed,"[""HIS021"", ""GEO026"", ""GEO030""]","[""CHM011"", ""CHM012"", ""CHM013"", ""CHM014"", ""CHM015"", ""TRK036"", ""TRK037"", ""TRK038"", ""TRK039"", ""TRK040""]",0.3696214928596068
S0213,Hamiyet Sevginur Güçlü Şafak,Audio,[],"[""MAT016"", ""MAT017"", ""MAT018"", ""MAT019"", ""MAT020"", ""HIS021"", ""HIS022"", ""HIS023"", ""HIS024"", ""HIS025""]",0.22078097776764183
S0214,Dilfeza Öcalan,Reading/Writing,"[""BIO009"", ""BIO010"", ""BIO006"", ""MAT017""]",[],0.09074148599417395
S0215,Utkucan Önel Güçlü Akdeniz,Audio,"[""GEO026"", ""LIT033"", ""LIT032"", ""LIT034"", ""LIT035"", ""GEO030"", ""BIO006"", ""LIT031"", ""BIO010"", ""GEO027""]","[""PHY001"", ""PHY002"", ""PHY003"", ""PHY004"", ""PHY005""]",0.42629856137072764
S0216,Hasbek Yılmaz,Audio,"[""TRK036""]","[""PHY001"", ""PHY002"", ""PHY003"", ""PHY004"", ""PHY005"", ""BIO006"", ""BIO007"", ""BIO008"", ""BIO009"", ""BIO010"", ""CHM011"", ""CHM012"", ""CHM013"", ""CHM014"", ""CHM015"", ""HIS021"", ""HIS022"", ""HIS023"", ""HIS024"", ""HIS025""]",0.3076570372812912
S0217,Orçin Mansız,Audio,"[""PHY003"", ""PHY002""]","[""BIO006"", ""BIO007"", ""BIO008"", ""BIO009"", ""BIO010"", ""CHM011"", ""CHM012"", ""CHM013"", ""CHM014"", ""CHM015"", ""HIS021"", ""HIS022"", ""HIS023"", ""HIS024"", ""HIS025"", ""TRK036"", ""TRK037"", ""TRK038"", ""TRK039"", ""TRK040""]",0.08686886954251037
S0218,Çavuldur Fersan Bilge Arsoy,Kinaesthetic,[],[],0.31988267906477214
S0219,Seler Talayer Karadeniz Soylu,Audio,"[""BIO010"", ""BIO006"", ""BIO007"", ""BIO008""]","[""MAT016"", ""MAT017"", ""MAT018"", ""MAT019"", ""MAT020"", ""HIS021"", ""HIS022"", ""HIS023"", ""HIS024"", ""HIS025"", ""GEO026"", ""GEO027"", ""GEO028"", ""GEO029"", ""GEO030"", ""TRK036"", ""TRK037"", ""TRK038"", ""TRK039"", ""TRK040""]",0.17245945458117015
S0220,Havse Alemdar,Kinaesthetic,"[""CHM015"", ""CHM013"", ""CHM011"", ""CHM014"", ""CHM012""]","[""PHY001"", ""PHY002"", ""PHY003"", ""PHY004"", ""PHY005"", ""MAT016"", ""MAT017"", ""MAT018"", ""MAT019"", ""MAT020"", ""HIS021"", ""HIS022"", ""HIS023"", ""HIS024"", ""HIS025"", ""GEO026"", ""GEO027"", ""GEO028"", ""GEO029"", ""GEO030"", ""TRK036"", ""TRK037"", ""TRK038"", ""TRK039"", ""TRK040""]",0.5236077465948994
S0221,Rabbiye Akça,Kinaesthetic,"[""CHM015"", ""CHM011"", ""BIO009""]","[""MAT016"", ""MAT017"", ""MAT018"", ""MAT019"", ""MAT020"", ""HIS021"", ""HIS022"", ""HIS023"", ""HIS024"", ""HIS025"", ""GEO026"", ""GEO027"", ""GEO028"", ""GEO029"", ""GEO030"", ""LIT031"", ""LIT032"", ""LIT033"", ""LIT034"", ""LIT035"", ""TRK036"", ""TRK037"", ""TRK038"", ""TRK039"", ""TRK040""]",0.14411306049989406
S0222,Durdali Bilge,Mixed,[],"[""PHY001"", ""PHY002"", ""PHY003"", ""PHY004"", ""PHY005"", ""GEO026"", ""GEO027"", ""GEO028"", ""GEO029"", ""GEO030"", ""LIT031"", ""LIT032"", ""LIT033"", ""LIT034"", ""LIT035""]",0.4369016405600799
S0223,İlper Akçay Çamurcuoğlu,Visual,"[""GEO028""]","[""BIO006"", ""BIO007"", ""BIO008"", ""BIO009"", ""BIO010"", ""LIT031"", ""LIT032"", ""LIT033"", ""LIT034"", ""LIT035""]",0.5620366156958401
S0224,Soyselçuk Sakarya,Reading/Writing,[],"[""BIO006"", ""BIO007"", ""BIO008"", ""BIO009"", ""BIO010"", ""TRK036"", ""TRK037"", ""TRK038"", ""TRK039"", ""TRK040""]",0.20388080864478686
S0225,Gözel Ülker,Visual,"[""HIS021""]",[],0.26526006970231497
S0226,Emin Çorlu,Reading/Writing,"[""BIO007"", ""LIT034"", ""MAT018"", ""MAT020"", ""LIT031"", ""BIO009"", ""BIO008""]","[""CHM011"", ""CHM012"", ""CHM013"", ""CHM014"", ""CHM015"", ""GEO026"", ""GEO027"", ""GEO028"", ""GEO029"", ""GEO030"", ""TRK036"", ""TRK037"", ""TRK038"", ""TRK039"", ""TRK040""]",0.342996453032718
S0227,Nayil Sakarya,Reading/Writing,[],[],0.3081745146780117
S0228,Abdulbekir Nehip Aslan,Kinaesthetic,[],"[""CHM011"", ""CHM012"", ""CHM013"", ""CHM014"", ""CHM015"", ""HIS021"", ""HIS022"", ""HIS023"", ""HIS024"", ""HIS025""]",0.07847640863395763
S0229,Karanbay Zorlu,Visual,"[""MAT019"", ""CHM012""]","[""GEO026"", ""GEO027"", ""GEO028"", ""GEO029"", ""GEO030""]",0.20417842853949858
S0230,Tarancı Demirel,Kinaesthetic,"[""MAT017"", ""PHY003"", ""PHY001"", ""PHY002"", ""MAT016"", ""PHY004"", ""MAT020"", ""GEO030"", ""GEO026"", ""PHY005"", ""MAT018"", ""GEO029"", ""MAT019"", ""GEO027"", ""GEO028""]","[""LIT031"", ""LIT032"", ""LIT033"", ""LIT034"", ""LIT035""]",0.46757480171249854
S0231,Aydar Şener Soylu,Audio,[],[],0.22444388214291414
S0232,Karaca Bahaddin Aslan Akça,Reading/Writing,"[""PHY002"", ""PHY005"", ""TRK036"", ""TRK038"", ""CHM015"", ""CHM013"", ""PHY004""]",[],0.5642742600782024
S0233,Sanur Burcuhan Sakarya Korutürk,Visual,[],"[""PHY001"", ""PHY002"", ""PHY003"", ""PHY004"", ""PHY005""]",0.45836380319932735
S0234,Andiç Sakarya,Kinaesthetic,[],"[""PHY001"", ""PHY002"", ""PHY003"", ""PHY004"", ""PHY005"", ""BIO006"", ""BIO007"", ""BIO008"", ""BIO009"", ""BIO010"", ""TRK036"", ""TRK037"", ""TRK038"", ""TRK039"", ""TRK040""]",0.22873235215695734
S0235,Badegül Saygın Ergül Öcalan,Reading/Writing,"[""PHY003"", ""HIS023"", ""PHY001"", ""PHY005"", ""GEO029"", ""GEO026""]","[""CHM011"", ""CHM012"", ""CHM013"", ""CHM014"", ""CHM015"", ""MAT016"", ""MAT017"", ""MAT018"", ""MAT019"", ""MAT020"", ""LIT031"", ""LIT032"", ""LIT033"", ""LIT034"", ""LIT035"", ""TRK036"", ""TRK037"", ""TRK038"", ""TRK039"", ""TRK040""]",0.19416253232713945
S0236,Ensari Yıldırım,Kinaesthetic,"[""HIS025"", ""HIS024"", ""HIS023""]","[""PHY001"", ""PHY002"", ""PHY003"", ""PHY004"", ""PHY005"", ""BIO006"", ""BIO007"", ""BIO008"", ""BIO009"", ""BIO010"", ""GEO026"", ""GEO027"", ""GEO028"", ""GEO029"", ""GEO030"", ""LIT031"", ""LIT032"", ""LIT033"", ""LIT034"", ""LIT035""]",0.11404878475035836
S0237,Hazrat Akdeniz,Audio,[],"[""CHM011"", ""CHM012"", ""CHM013"", ""CHM014"", ""CHM015"", ""MAT016"", ""MAT017"", ""MAT018"", ""MAT019"", ""MAT020"", ""LIT031"", ""LIT032"", ""LIT033"", ""LIT034"", ""LIT035""]",0.11886389807223895
S0238,Mahir Öcalan,Reading/Writing,"[""TRK040""]","[""CHM011"", ""CHM012"", ""CHM013"", ""CHM014"", ""CHM015"", ""HIS021"", ""HIS022"", ""HIS023"", ""HIS024"", ""HIS025""]",0.224300325608497
S0239,Fügen Maşide Akgündüz Şama,Mixed,"[""BIO007"", ""BIO006""]","[""PHY001"", ""PHY002"", ""PHY003"", ""PHY004"", ""PHY005"", ""MAT016"", ""MAT017"", ""MAT018"", ""MAT019"", ""MAT020"", ""GEO026"", ""GEO027"", ""GEO028"", ""GEO029"", ""GEO030""]",0.1748455929095408
S0240,Ervaniye Korutürk Durmuş,Reading/Writing,[],"[""PHY001"", ""PHY002"", ""PHY003"", ""PHY004"", ""PHY005"", ""BIO006"", ""BIO007"", ""BIO008"", ""BIO009"", ""BIO010"", ""MAT016"", ""MAT017"", ""MAT018"", ""MAT019"", ""MAT020"", ""GEO026"", ""GEO027"", ""GEO028"", ""GEO029"", ""GEO030"", ""LIT031"", ""LIT032"", ""LIT033"", ""LIT034"", ""LIT035""]",0.23810184430754963
S0241,Ufukay Sezgin Durmuş,Kinaesthetic,[],[],0.43794334939116214
S0242,Hacile Gülçe Gülen,Reading/Writing,"[""GEO027"", ""CHM013""]","[""PHY001"", ""PHY002"", ""PHY003"", ""PHY004"", ""PHY005"", ""BIO006"", ""BIO007"", ""BIO008"", ""BIO009"", ""BIO010"", ""HIS021"", ""HIS022"", ""HIS023"", ""HIS024"", ""HIS025"", ""TRK036"", ""TRK037"", ""TRK038"", ""TRK039"", ""TRK040""]",0.3050820962749862
S0243,Asiman Durmuş,Audio,[],[],0.4110151238583872
S0244,Songurkan Durmuş,Mixed,[],"[""LIT031"", ""LIT032"", ""LIT033"", ""LIT034"", ""LIT035"", ""TRK036"", ""TRK037"", ""TRK038"", ""TRK039"", ""TRK040""]",0.23841138620236768
S0245,Macide Hilayda Bilge,Kinaesthetic,"[""HIS023"", ""LIT035"", ""TRK039"", ""TRK036"", ""LIT032"", ""HIS021"", ""TRK037""]","[""PHY001"", ""PHY002"", ""PHY003"", ""PHY004"", ""PHY005"", ""BIO006"", ""BIO007"", ""BIO008"", ""BIO009"", ""BIO010"", ""MAT016"", ""MAT017"", ""MAT018"", ""MAT019"", ""MAT020""]",0.30555856203807996
S0246,Evrim Nüdret Karadeniz,Kinaesthetic,"[""PHY003"", ""PHY005"", ""PHY002""]","[""BIO006"", ""BIO007"", ""BIO008"", ""BIO009"", ""BIO010"", ""CHM011"", ""CHM012"", ""CHM013"", ""CHM014"", ""CHM015"", ""MAT016"", ""MAT017"", ""MAT018"", ""MAT019"", ""MAT020"", ""HIS021"", ""HIS022"", ""HIS023"", ""HIS024"", ""HIS025"", ""TRK036"", ""TRK037"", ""TRK038"", ""TRK039"", ""TRK040""]",0.22431198667381724
S0247,Muratcan Haluk Gülen Aslan,Visual,"[""CHM013"", ""CHM014"", ""CHM015""]","[""MAT016"", ""MAT017"", ""MAT018"", ""MAT019"", ""MAT020"", ""TRK036"", ""TRK037"", ""TRK038"", ""TRK039"", ""TRK040""]",0.22830350418430012
S0248,Mahir Güçlü,Visual,"[""TRK039"", ""TRK038"", ""TRK036"", ""TRK040""]","[""GEO026"", ""GEO027"", ""GEO028"", ""GEO029"", ""GEO030""]",0.601389322500987
S0249,Songurkan Demir,Visual,"[""BIO006"", ""BIO009"", ""LIT035"", ""LIT034""]","[""PHY001"", ""PHY002"", ""PHY003"", ""PHY004"", ""PHY005"", ""MAT016"", ""MAT017"", ""MAT018"", ""MAT019"", ""MAT020"", ""HIS021"", ""HIS022"", ""HIS023"", ""HIS024"", ""HIS025"", ""GEO026"", ""GEO027"", ""GEO028"", ""GEO029"", ""GEO030""]",0.1861016376343618
S0250,Asu Yahşi Çorlu Şafak,Visual,"[""CHM012"", ""CHM011"", ""CHM014"", ""CHM013"", ""MAT018"", ""CHM015"", ""MAT016""]","[""LIT031"", ""LIT032"", ""LIT033"", ""LIT034"", ""LIT035"", ""TRK036"", ""TRK037"", ""TRK038"", ""TRK039"", ""TRK040""]",0.33223765339141825
