topicId,name
PHY001,PHY01: Introduction to Physics
PHY002,PHY02: Matter and Properties
PHY003,PHY03: Force and Motion
PHY004,PHY04: Energy
PHY005,PHY05: Heat and Temperature
BIO006,BIO01: Biology and Living Things
BIO007,BIO02: Cell Structure
BIO008,BIO03: Classification
BIO009,BIO04: Cell Division
BIO010,BIO05: Genetics Intro
CHM011,CHM01: Intro to Chemistry
CHM012,CHM02: Atomic Structure
CHM013,CHM03: Bonding Basics
CHM014,CHM04: States of Matter
CHM015,CHM05: Reactions Intro
MAT016,MAT01: Logic
MAT017,MAT02: Sets
MAT018,MAT03: Equations
MAT019,MAT04: Functions Intro
MAT020,MAT05: Triangles
HIS021,HIS01: What is History?
HIS022,HIS02: Early Civilizations
HIS023,HIS03: Ancient Greece & Rome
HIS024,HIS04: Middle Ages Overview
HIS025,HIS05: Age of Exploration
GEO026,GEO01: Introduction to Geography
GEO027,GEO02: Maps and Mapmaking
GEO028,"GEO03: Physical Geography (Landforms, Climate)"
GEO029,"GEO04: Human Geography (Population, Culture)"
GEO030,GEO05: Regional Geography Intro
LIT031,"LIT01: Elements of Literature (Plot, Character)"
LIT032,LIT02: Introduction to Poetry
LIT033,LIT03: Short Stories Analysis
LIT034,LIT04: Introduction to Drama
LIT035,LIT05: The Novel Genre
TRK036,TRK01: Introduction to Turkish
TRK037,TRK02: Turkish Grammar
TRK038,TRK03: Turkish Vocabulary
TRK039,TRK04: Turkish Pronunciation
TRK040,TRK05: Turkish Culture
